10.109.99.75,20/Oct/2012:06:37:57+0000,Episode%2B7_%2BA%2BShocking%2BOccurrence.mp3,-,24391117,E67717521843DFB8
10.15.128.6,20/Oct/2012:06:40:24+0000,Episode%2B7_%2BA%2BShocking%2BOccurrence.mp3,748,-,8C504734C134851D
10.15.128.6,20/Oct/2012:06:40:33+0000,DO-007.mp3,-,-,936B8D1A35FCBDD7
10.15.128.6,20/Oct/2012:06:40:34+0000,Episode%2B7_%2BA%2BShocking%2BOccurrence.mp3,-,24391117,919327A5F6B18555
10.186.158.41,20/Oct/2012:06:40:13+0000,DO-007.mp3,-,23784721,7E2D7D61081A27C5
10.186.158.41,20/Oct/2012:06:40:25+0000,DO-007.mp3,234,24391117,D48FEB91A07A7BA4
10.186.158.41,20/Oct/2012:06:40:25+0000,Episode%2B7_%2BA%2BShocking%2BOccurrence.mp3,-,24391117,C8837D021E0B6B64
10.194.64.24,20/Oct/2012:06:20:38+0000,-,108,-,2D67143E9FC4AC01
10.194.64.24,20/Oct/2012:06:20:38+0000,-,6749,-,400962471A43727A
10.194.64.24,20/Oct/2012:06:38:29+0000,Episode%2B7_%2BA%2BShocking%2BOccurrence.mp3,-,-,F0CDB9A1C0621CC7
10.217.37.15,20/Oct/2012:06:35:30+0000,Episode%2B7_%2BA%2BShocking%2BOccurence.mp3,-,-,05B25FB7FA663986
10.248.136.44,20/Oct/2012:06:40:18+0000,Episode%2B7_%2BA%2BShocking%2BOccurence.mp3,-,24391117,6978423E123C5EDD
10.87.134.98,20/Oct/2012:06:34:57+0000,Episode%2B7_%2BA%2BShocking%2BOccurence.mp3,-,24391117,1153DB7B6B94F8EF
10.87.166.136,20/Oct/2012:06:23:05+0000,DO-007.mp3,-,23784721,F6CE7B29B0EEA46E
107.20.158.224,14/Oct/2012:21:04:01+0000,DO-001.mp3,-,25683092,BBFBB0B421733804
107.20.158.224,14/Oct/2012:21:04:01+0000,DO-002.mp3,-,31047807,4B75AC3A1B30ACE9
107.20.158.224,15/Oct/2012:00:59:22+0000,DO-003.mp3,-,45230883,A80BB1C6008B6AA1
107.20.158.224,15/Oct/2012:05:27:13+0000,DO-004.mp3,-,40318243,4FF2AE0F4137B278
107.20.158.224,15/Oct/2012:07:49:08+0000,DO-005.mp3,-,23449999,88F84706BFD58AA7
107.20.158.224,15/Oct/2012:12:01:47+0000,DO-006.mp3,-,30293504,CAE27AA7B69DC306
108.202.73.190,19/Oct/2012:08:51:14+0000,DO-006.mp3,10140600,30293504,DF02AA7D9A1C5ADB
108.202.73.190,19/Oct/2012:08:57:56+0000,DO-006.mp3,30293504,30293504,97431763CEE869CE
120.22.133.227,20/Oct/2012:22:18:50+0000,DO-006.mp3,2,30293504,09EB777DA63B66B1
120.22.133.227,20/Oct/2012:22:18:50+0000,DO-006.mp3,2579639,30293504,15978803D95E0768
120.22.133.227,20/Oct/2012:22:18:51+0000,DO-006.mp3,7691550,30293504,D497F8FD2FB40BFD
120.22.133.227,20/Oct/2012:22:19:01+0000,DO-006.mp3,6111076,30293504,069B9FCA86305BE6
130.76.96.145,19/Oct/2012:11:56:58+0000,DO-004.mp3,40318243,40318243,407F060CF01BC7B0
130.76.96.146,17/Oct/2012:17:22:40+0000,DO-001.mp3,25683092,25683092,08DF97187C23CD67
130.76.96.146,17/Oct/2012:18:17:22+0000,DO-002.mp3,31047807,31047807,81A969B8B48D7FB3
130.76.96.149,18/Oct/2012:13:20:01+0000,DO-003.mp3,45230883,45230883,3FE6B5D0329C94A7
134.84.47.12,15/Oct/2012:21:21:05+0000,DO-006.mp3,30293504,30293504,9860B7553E262190
142.134.194.81,14/Oct/2012:00:59:22+0000,DO-006.mp3,30293504,30293504,0AF1DD7029F33A81
152.65.57.154,16/Oct/2012:05:52:03+0000,TWHC-008.mp3,46977263,46977263,266547D374E6BE12
165.196.162.180,19/Oct/2012:21:28:06+0000,DO-001.mp3,4028428,25683092,1F54E578B5B0A856
165.196.162.180,19/Oct/2012:21:28:09+0000,DO-001.mp3,4994787,25683092,A700BDB7B148B77A
165.196.162.180,19/Oct/2012:21:28:15+0000,DO-001.mp3,3923025,25683092,EA8BDE233A77B8ED
165.196.162.180,19/Oct/2012:21:28:19+0000,DO-001.mp3,5141930,25683092,073E672987A9658D
165.196.162.180,19/Oct/2012:21:28:24+0000,DO-001.mp3,1415781,25683092,82207E52BFF88F95
165.196.162.180,19/Oct/2012:21:28:26+0000,DO-001.mp3,4174745,25683092,3FB6F6EA292C9DDA
165.196.162.180,19/Oct/2012:21:28:26+0000,DO-001.mp3,47729,25683092,CFDD6744E1595093
165.196.162.180,19/Oct/2012:21:28:29+0000,DO-001.mp3,19075759,25683092,36F8BB0F866BBFE8
165.196.162.180,19/Oct/2012:21:28:35+0000,DO-001.mp3,25683092,25683092,8563297B3CCAD310
17.154.84.39,20/Oct/2012:07:20:40+0000,DO-007.mp3,-,24391117,3413089FEC9426D2
17.154.84.39,20/Oct/2012:07:20:40+0000,DO-007.mp3,2,24391117,B2DFC84CCD5DAEEF
17.230.16.163,20/Oct/2012:09:30:04+0000,DO-007.mp3,-,24391117,54689EB957E6F536
17.230.16.163,20/Oct/2012:09:30:04+0000,DO-007.mp3,2,24391117,C16AA92F56F6B7B7
17.230.34.131,15/Oct/2012:13:07:41+0000,DO-006.mp3,-,30293504,C8287D603D1278D8
17.230.34.131,15/Oct/2012:13:07:41+0000,DO-006.mp3,2,30293504,758AB6BF0F6351E6
170.11.30.141,15/Oct/2012:20:38:05+0000,DO-001.mp3,283588,25683092,7A579C3F7A43492E
170.11.30.141,15/Oct/2012:20:38:06+0000,DO-001.mp3,25683092,25683092,C82949E663771871
170.11.30.141,15/Oct/2012:20:45:35+0000,DO-002.mp3,49232,31047807,529A59D94B8666A5
170.11.30.141,15/Oct/2012:20:45:36+0000,DO-002.mp3,11352553,31047807,6C431EB8E4556252
170.11.30.141,15/Oct/2012:20:46:37+0000,DO-002.mp3,10000244,31047807,40075297114D6D51
170.11.30.141,15/Oct/2012:20:47:26+0000,DO-003.mp3,121577,45230883,7967ABBFF727FE76
170.11.30.141,15/Oct/2012:20:47:27+0000,DO-003.mp3,7296397,45230883,8B97F167C97817F3
170.11.30.141,15/Oct/2012:20:47:35+0000,DO-003.mp3,3634779,45230883,7C4CD1A39726E03C
170.11.30.141,15/Oct/2012:20:47:36+0000,DO-003.mp3,14986755,45230883,83ACE3D27BB85BE3
170.11.30.141,15/Oct/2012:20:48:56+0000,DO-003.mp3,4988400,45230883,780FC5FD43D18F59
170.11.30.141,15/Oct/2012:20:49:08+0000,DO-003.mp3,4145140,45230883,5E02B219AB1A4803
170.11.30.141,15/Oct/2012:20:49:18+0000,DO-003.mp3,5906283,45230883,91F116141F66944E
170.11.30.141,15/Oct/2012:20:49:36+0000,DO-003.mp3,5135023,45230883,2F5D4E93C513D72A
170.11.30.141,15/Oct/2012:20:49:50+0000,DO-003.mp3,5983382,45230883,C0E0B781037D87CC
170.11.30.141,15/Oct/2012:20:50:07+0000,DO-004.mp3,254683,40318243,EF9B5BA95922C410
170.11.30.141,15/Oct/2012:20:50:08+0000,DO-004.mp3,40318243,40318243,1E3AA75D052AA2D9
170.11.30.141,15/Oct/2012:20:55:02+0000,DO-004.mp3,3577123,40318243,2AEBA29D177255A5
170.11.30.141,15/Oct/2012:20:55:30+0000,DO-004.mp3,32768,40318243,B3FA203132CDAA7B
174.126.196.152,18/Oct/2012:03:12:34+0000,TWHC-008.mp3,2,46977263,2AC191867ABAEAF9
174.126.196.152,18/Oct/2012:03:12:34+0000,TWHC-008.mp3,5102156,46977263,F606AD4FB374B24F
174.126.196.152,18/Oct/2012:03:12:35+0000,TWHC-008.mp3,-,46977263,8589FE6875B4463E
174.126.196.152,18/Oct/2012:03:12:35+0000,TWHC-008.mp3,46968687,46977263,636F2FDEB8E53ED9
174.126.196.152,18/Oct/2012:03:12:35+0000,TWHC-008.mp3,56960,46977263,D4BF9B3A05FFDA5C
184.158.23.61,16/Oct/2012:17:37:30+0000,TWHC-008.mp3,46977263,46977263,665C82AD442E3951
184.97.132.8,15/Oct/2012:21:47:09+0000,DO-005.mp3,2,23449999,2087423AEACC5D58
184.97.132.8,15/Oct/2012:21:47:09+0000,DO-005.mp3,89721,23449999,F9F341745F4F82F1
184.97.132.8,15/Oct/2012:21:47:10+0000,DO-005.mp3,104201,23449999,2CAB067B373CFE95
184.97.132.8,15/Oct/2012:21:58:22+0000,DO-005.mp3,-,23449999,E3242223055F677C
184.97.132.8,15/Oct/2012:21:58:22+0000,DO-005.mp3,138898,23449999,40F423F67D7865F9
184.97.132.8,16/Oct/2012:14:10:45+0000,DO-005.mp3,-,23449999,B5C8491B57CE60E7
184.97.132.8,16/Oct/2012:14:10:46+0000,DO-005.mp3,138898,23449999,436E392F689AD194
184.97.132.8,16/Oct/2012:14:11:25+0000,DO-001.mp3,2,25683092,60E345802ACCB6AD
184.97.132.8,16/Oct/2012:14:11:26+0000,DO-001.mp3,63712,25683092,3D34A5966F18C034
184.97.132.8,16/Oct/2012:14:11:42+0000,DO-001.mp3,105649,25683092,860AE52B9D9FB76C
184.97.132.8,16/Oct/2012:14:11:42+0000,DO-001.mp3,2,25683092,DCAC9B44C51D8BF7
184.97.132.8,16/Oct/2012:14:11:43+0000,DO-001.mp3,7748710,25683092,E78EA2D9372D8934
184.97.132.8,16/Oct/2012:14:11:49+0000,DO-001.mp3,7208463,25683092,6950800B94A39718
184.97.132.8,16/Oct/2012:14:11:53+0000,DO-001.mp3,146083,25683092,DD74D4D0DD5058B7
184.97.132.8,16/Oct/2012:14:11:54+0000,DO-001.mp3,3853221,25683092,1CDFF75BD4BD4914
184.97.132.8,16/Oct/2012:14:11:55+0000,DO-001.mp3,384178,25683092,C5A498E936B7AF03
184.97.132.8,16/Oct/2012:14:11:56+0000,DO-001.mp3,105594,25683092,F671869B8BDADB37
184.97.132.8,16/Oct/2012:14:11:56+0000,DO-001.mp3,62154,25683092,84751DC7A93EB268
184.97.132.8,16/Oct/2012:14:11:57+0000,DO-001.mp3,64676,25683092,83D59306B55F4192
184.97.132.8,16/Oct/2012:14:11:58+0000,DO-001.mp3,392078,25683092,DD9B069C0F7B906F
184.97.132.8,16/Oct/2012:14:11:59+0000,DO-001.mp3,60156,25683092,1B0F95814581A89A
184.97.132.8,16/Oct/2012:14:11:59+0000,DO-001.mp3,62155,25683092,0FDBD6D45E9DA8A0
184.97.132.8,16/Oct/2012:14:12:00+0000,DO-001.mp3,1282838,25683092,C8C20593363E6E91
184.97.132.8,16/Oct/2012:14:12:00+0000,DO-001.mp3,72345,25683092,675214F46FCA7B22
184.97.132.8,16/Oct/2012:14:12:02+0000,DO-001.mp3,3939562,25683092,1291DBB7CD0A0CB2
184.97.132.8,16/Oct/2012:14:12:03+0000,DO-001.mp3,3726241,25683092,E8581AA509BCAF31
184.97.132.8,16/Oct/2012:14:12:04+0000,DO-001.mp3,3357866,25683092,1AE7001000C4784D
184.97.132.8,16/Oct/2012:14:12:04+0000,DO-001.mp3,3533546,25683092,43B32ADDDEA8BE9A
184.97.132.8,16/Oct/2012:14:12:05+0000,DO-001.mp3,86715,25683092,CC30C0C40F26D67C
184.97.132.8,16/Oct/2012:14:12:06+0000,DO-001.mp3,70326,25683092,A0E8BACE1C191436
184.97.132.8,16/Oct/2012:14:12:07+0000,DO-001.mp3,46336,25683092,6840969971CDF1FC
184.97.132.8,16/Oct/2012:14:12:07+0000,DO-001.mp3,89721,25683092,075905713621F6E5
184.97.132.8,16/Oct/2012:14:12:08+0000,DO-001.mp3,68001,25683092,13DCCB8B4A87DAF8
184.97.132.8,16/Oct/2012:14:12:09+0000,DO-001.mp3,104146,25683092,C672C5725DE3840A
184.97.132.8,16/Oct/2012:14:12:09+0000,DO-001.mp3,105649,25683092,3573D36DFB13D10D
184.97.132.8,16/Oct/2012:14:12:10+0000,DO-001.mp3,2389842,25683092,253E40A92D28FB93
184.97.132.8,16/Oct/2012:14:12:11+0000,DO-001.mp3,89666,25683092,09AB09AD351B0428
184.97.132.8,16/Oct/2012:14:12:12+0000,DO-001.mp3,63657,25683092,6B41D3C9CE0F610B
184.97.132.8,16/Oct/2012:14:12:13+0000,DO-001.mp3,101305,25683092,EBE420A84D256685
184.97.132.8,16/Oct/2012:14:12:13+0000,DO-001.mp3,65105,25683092,10AF292D6824C3B9
184.97.132.8,16/Oct/2012:14:12:14+0000,DO-001.mp3,251732,25683092,C30F2F8BD8D03646
184.97.132.8,16/Oct/2012:14:12:15+0000,DO-001.mp3,69449,25683092,BDE975BCD0A7282E
184.97.132.8,16/Oct/2012:14:12:15+0000,DO-001.mp3,79585,25683092,8818D2C93D8A2359
184.97.132.8,16/Oct/2012:14:12:16+0000,DO-001.mp3,69449,25683092,E251F58C25FBCC17
184.97.132.8,16/Oct/2012:14:12:17+0000,DO-001.mp3,65050,25683092,11F76350DA941CEE
184.97.132.8,16/Oct/2012:14:12:18+0000,DO-001.mp3,63657,25683092,0C98AFEB8CFFC4D0
184.97.132.8,16/Oct/2012:14:12:18+0000,DO-001.mp3,86716,25683092,56A676B2D2B58A2B
184.97.132.8,16/Oct/2012:14:12:19+0000,DO-001.mp3,65105,25683092,D02128BA5E31A0F3
184.97.132.8,16/Oct/2012:14:12:20+0000,DO-001.mp3,60706,25683092,40B4BC6E8C091860
184.97.132.8,16/Oct/2012:14:12:20+0000,DO-001.mp3,72345,25683092,B7D7A07BAB53F6B4
184.97.132.8,16/Oct/2012:14:12:21+0000,DO-001.mp3,65105,25683092,B41E651B92648E88
184.97.132.8,16/Oct/2012:14:12:22+0000,DO-001.mp3,69449,25683092,965BDF4DE47BE776
184.97.132.8,16/Oct/2012:14:12:22+0000,DO-001.mp3,70897,25683092,FAC4946F95A26C5F
184.97.132.8,16/Oct/2012:14:12:23+0000,DO-001.mp3,3152912,25683092,F9AA283600B58159
184.97.132.8,16/Oct/2012:14:12:24+0000,DO-001.mp3,2143941,25683092,9932FF00620A8416
184.97.132.8,16/Oct/2012:14:12:25+0000,DO-001.mp3,63603,25683092,3E6082EE8A5B022F
184.97.132.8,16/Oct/2012:14:12:25+0000,DO-001.mp3,72290,25683092,F1ED4CADE47CC5E3
184.97.132.8,16/Oct/2012:14:12:26+0000,DO-001.mp3,60761,25683092,242E26A00E87C857
184.97.132.8,16/Oct/2012:14:12:26+0000,DO-001.mp3,63657,25683092,FB19C56AEB8B0E1B
184.97.132.8,16/Oct/2012:14:12:27+0000,DO-001.mp3,106493,25683092,5D13228E88B6B353
184.97.132.8,16/Oct/2012:14:12:28+0000,DO-001.mp3,114282,25683092,E241C0F5B9F6B2BB
184.97.132.8,16/Oct/2012:14:12:28+0000,DO-001.mp3,72345,25683092,B1078407D8573705
184.97.132.8,16/Oct/2012:14:12:29+0000,DO-001.mp3,70897,25683092,E26380524DEFAE94
184.97.132.8,16/Oct/2012:14:12:30+0000,DO-001.mp3,104091,25683092,64898D139A01CAFD
184.97.132.8,16/Oct/2012:14:12:31+0000,DO-001.mp3,104146,25683092,933EDDF25A1E3716
184.97.132.8,16/Oct/2012:14:12:31+0000,DO-001.mp3,89666,25683092,110CED3374FB0D1C
184.97.132.8,16/Oct/2012:14:12:32+0000,DO-001.mp3,190971,25683092,95D09B568AFF22EB
184.97.132.8,16/Oct/2012:14:12:33+0000,DO-001.mp3,104146,25683092,6ED41DD9123E17D1
184.97.132.8,16/Oct/2012:14:12:33+0000,DO-001.mp3,3666416,25683092,0D9D2CEEA1FCD1A4
184.97.132.8,16/Oct/2012:14:12:35+0000,DO-001.mp3,103595,25683092,EA6EEF851553D891
184.97.132.8,16/Oct/2012:14:12:35+0000,DO-001.mp3,72585,25683092,931E27B0E928C561
184.97.132.8,16/Oct/2012:14:12:36+0000,DO-001.mp3,3456591,25683092,4730A52D17274F9C
184.97.132.8,16/Oct/2012:14:12:37+0000,DO-001.mp3,2348797,25683092,FFABD1DC27A44F95
184.97.132.8,16/Oct/2012:14:12:38+0000,DO-001.mp3,63657,25683092,DCD87D928AAE2586
184.97.132.8,16/Oct/2012:14:12:38+0000,DO-001.mp3,76634,25683092,2CB5779F4B2892B4
184.97.132.8,16/Oct/2012:14:12:39+0000,DO-001.mp3,104201,25683092,BE5A36C255E5CF73
184.97.132.8,16/Oct/2012:14:12:39+0000,DO-001.mp3,104201,25683092,E9C3FB0A036D3E53
184.97.132.8,16/Oct/2012:14:12:40+0000,DO-001.mp3,49122,25683092,F32778DD30C7DE8D
184.97.132.8,16/Oct/2012:14:12:41+0000,DO-001.mp3,105594,25683092,2E1C2A6CAA76904D
184.97.132.8,16/Oct/2012:14:12:41+0000,DO-001.mp3,72345,25683092,C68A755811199EFF
184.97.132.8,16/Oct/2012:14:12:42+0000,DO-001.mp3,75241,25683092,3BFD03CAC9A70826
184.97.132.8,16/Oct/2012:14:12:42+0000,DO-001.mp3,89666,25683092,2FE1629FB3D3B274
184.97.132.8,16/Oct/2012:14:12:43+0000,DO-001.mp3,89721,25683092,0969A368F9806318
184.97.132.8,16/Oct/2012:14:12:44+0000,DO-001.mp3,104201,25683092,79765D30FDEAED0B
184.97.132.8,16/Oct/2012:14:12:44+0000,DO-001.mp3,99857,25683092,8C8915E8C5C499E9
184.97.132.8,16/Oct/2012:14:12:45+0000,DO-001.mp3,1547241,25683092,ED5C4873870608BF
184.97.132.8,16/Oct/2012:14:12:46+0000,DO-001.mp3,47729,25683092,E0268040564254EA
184.97.132.8,16/Oct/2012:14:12:46+0000,DO-001.mp3,59313,25683092,37A26227619896EF
184.97.132.8,16/Oct/2012:14:12:47+0000,DO-001.mp3,70897,25683092,F644B14F08A730B2
184.97.132.8,16/Oct/2012:14:12:48+0000,DO-001.mp3,101250,25683092,D3D7F3EF6104467D
184.97.132.8,16/Oct/2012:14:12:48+0000,DO-001.mp3,72345,25683092,1000270A9736355E
184.97.132.8,16/Oct/2012:14:12:49+0000,DO-001.mp3,5256726,25683092,0D6F1B867677A937
184.97.132.8,16/Oct/2012:14:12:49+0000,DO-001.mp3,65105,25683092,599752D3435B254A
184.97.132.8,16/Oct/2012:14:12:51+0000,DO-001.mp3,162011,25683092,C8E7C0845A641FD1
184.97.132.8,16/Oct/2012:14:12:52+0000,DO-001.mp3,52073,25683092,98E01DC9F7D43687
184.97.132.8,16/Oct/2012:14:12:52+0000,DO-001.mp3,65105,25683092,E0D09B432AA465ED
184.97.132.8,16/Oct/2012:14:12:53+0000,DO-001.mp3,103650,25683092,AF487C9C60FEBD15
184.97.132.8,16/Oct/2012:14:12:54+0000,DO-001.mp3,65105,25683092,0A831CE65A9ADD13
184.97.132.8,16/Oct/2012:14:12:54+0000,DO-001.mp3,72345,25683092,4491A0A251389BF2
184.97.132.8,16/Oct/2012:14:12:55+0000,DO-001.mp3,105098,25683092,9866E63B655B647A
184.97.132.8,16/Oct/2012:14:12:56+0000,DO-001.mp3,105594,25683092,FA216056B8BADB9D
184.97.132.8,16/Oct/2012:14:12:56+0000,DO-001.mp3,63657,25683092,97B300CD318DA9AE
184.97.132.8,16/Oct/2012:14:12:57+0000,DO-001.mp3,65105,25683092,408BFE15F3ED0302
184.97.132.8,16/Oct/2012:14:12:57+0000,DO-001.mp3,69449,25683092,8CC39142947032F4
184.97.132.8,16/Oct/2012:14:12:58+0000,DO-001.mp3,2359225,25683092,EFEBCBB71EDF759C
184.97.132.8,16/Oct/2012:14:12:59+0000,DO-001.mp3,193867,25683092,9116479A5DFC5955
184.97.132.8,16/Oct/2012:14:12:59+0000,DO-001.mp3,81033,25683092,1A4D6C7464915FFD
184.97.132.8,16/Oct/2012:14:13:00+0000,DO-001.mp3,101250,25683092,F4F8184EA2CE1EF7
184.97.132.8,16/Oct/2012:14:13:01+0000,DO-001.mp3,65105,25683092,052E545B311A82EF
184.97.132.8,16/Oct/2012:14:13:01+0000,DO-001.mp3,72647,25683092,3060A07C54FEE125
184.97.132.8,16/Oct/2012:14:13:02+0000,DO-001.mp3,2167000,25683092,3265D32FA5BE2EF0
184.97.132.8,16/Oct/2012:14:13:03+0000,DO-001.mp3,81033,25683092,6CA23E7F6579C648
184.97.132.8,16/Oct/2012:14:13:04+0000,DO-001.mp3,105594,25683092,B61E042DE9DD3427
184.97.132.8,16/Oct/2012:14:13:05+0000,DO-001.mp3,104146,25683092,DF9E4ABE9F1B6DBC
184.97.132.8,16/Oct/2012:14:13:05+0000,DO-001.mp3,112834,25683092,B5668B8A8C5A9001
184.97.132.8,16/Oct/2012:14:13:06+0000,DO-001.mp3,105649,25683092,564325857DCF01C2
184.97.132.8,16/Oct/2012:14:13:07+0000,DO-001.mp3,104146,25683092,DBDE92E1A37A08CA
184.97.132.8,16/Oct/2012:14:13:07+0000,DO-001.mp3,56417,25683092,ACAD0187986F9EC4
184.97.132.8,16/Oct/2012:14:13:08+0000,DO-001.mp3,1163147,25683092,99C643A1E92245E2
184.97.132.8,16/Oct/2012:14:13:08+0000,DO-001.mp3,65105,25683092,4891C012B6ECFB08
184.97.132.8,16/Oct/2012:14:13:09+0000,DO-001.mp3,68942,25683092,1A0DD2A1143563A2
184.97.132.8,16/Oct/2012:14:13:10+0000,DO-001.mp3,40489,25683092,3795D2CF277A202A
184.97.132.8,16/Oct/2012:14:13:11+0000,DO-001.mp3,72345,25683092,474DC1E24A252BBA
184.97.132.8,16/Oct/2012:14:13:11+0000,DO-001.mp3,72345,25683092,6E1AD93F30B2B7F8
184.97.132.8,16/Oct/2012:14:13:12+0000,DO-001.mp3,105713,25683092,AF6DD055CEB79AB1
184.97.132.8,16/Oct/2012:14:13:13+0000,DO-001.mp3,40489,25683092,9E22EB7564C8E70D
184.97.132.8,16/Oct/2012:14:13:13+0000,DO-001.mp3,81358,25683092,43DD49904A83ED7A
184.97.132.8,16/Oct/2012:14:13:14+0000,DO-001.mp3,5352987,25683092,FF43CE6192FF725C
184.97.132.8,16/Oct/2012:14:13:17+0000,DO-001.mp3,46281,25683092,2D1E91D16EF87D66
184.97.132.8,16/Oct/2012:14:13:18+0000,DO-001.mp3,31801,25683092,45919D5DCF10D5C6
184.97.132.8,16/Oct/2012:14:13:19+0000,DO-001.mp3,63657,25683092,BD96F6644ED124D1
184.97.132.8,16/Oct/2012:14:13:20+0000,DO-001.mp3,39041,25683092,4EAC8E4FE2CAE080
184.97.132.8,16/Oct/2012:14:13:21+0000,DO-001.mp3,104146,25683092,3183DA55BAC47A01
184.97.132.8,16/Oct/2012:14:13:21+0000,DO-001.mp3,63602,25683092,2EA12B6C71EEB4B0
184.97.132.8,16/Oct/2012:14:13:22+0000,DO-001.mp3,39096,25683092,759298DDA1036904
184.97.132.8,16/Oct/2012:14:13:23+0000,DO-001.mp3,4373701,25683092,8CCACD386AB77E7B
184.97.132.8,16/Oct/2012:14:13:24+0000,DO-001.mp3,63657,25683092,81A42D9E7F520B49
184.97.132.8,16/Oct/2012:14:13:25+0000,DO-001.mp3,106438,25683092,337CDFA138735132
184.97.132.8,16/Oct/2012:14:13:26+0000,DO-001.mp3,39041,25683092,AAEAEAE66CB3D41C
184.97.132.8,16/Oct/2012:14:13:26+0000,DO-001.mp3,86716,25683092,4EA5D11E70935DB0
184.97.132.8,16/Oct/2012:14:13:27+0000,DO-001.mp3,103650,25683092,AEE74D265B0E3AB6
184.97.132.8,16/Oct/2012:14:13:28+0000,DO-001.mp3,60761,25683092,DEEF91008E648873
184.97.132.8,16/Oct/2012:14:13:28+0000,DO-001.mp3,63602,25683092,1412D984C794E25D
184.97.132.8,16/Oct/2012:14:13:29+0000,DO-001.mp3,65105,25683092,7338AF4F82EE5766
184.97.132.8,16/Oct/2012:14:13:30+0000,DO-001.mp3,63657,25683092,E59338B976DA356F
184.97.132.8,16/Oct/2012:14:13:30+0000,DO-001.mp3,78137,25683092,42176E86D480CE13
184.97.132.8,16/Oct/2012:14:13:31+0000,DO-001.mp3,105594,25683092,17CBCB6BF949B344
184.97.132.8,16/Oct/2012:14:13:32+0000,DO-001.mp3,315389,25683092,295D6C542C829976
184.97.132.8,16/Oct/2012:14:13:33+0000,DO-001.mp3,130210,25683092,2FA2797161994900
184.97.132.8,16/Oct/2012:14:13:34+0000,DO-001.mp3,40489,25683092,DB2432BA0F18607E
184.97.132.8,16/Oct/2012:14:13:34+0000,DO-001.mp3,54969,25683092,FB5A9C26F5832728
184.97.132.8,16/Oct/2012:14:13:35+0000,DO-001.mp3,65105,25683092,F7D1EA749116650D
184.97.132.8,16/Oct/2012:14:13:36+0000,DO-001.mp3,106438,25683092,EDC0B18EB73883D2
184.97.132.8,16/Oct/2012:14:13:36+0000,DO-001.mp3,120129,25683092,CA8027FE638BB579
184.97.132.8,16/Oct/2012:14:13:37+0000,DO-001.mp3,63657,25683092,6405AB4953B1FF64
184.97.132.8,16/Oct/2012:14:13:38+0000,DO-001.mp3,1916846,25683092,C19C62C032944A43
184.97.132.8,16/Oct/2012:14:13:38+0000,DO-001.mp3,63657,25683092,EE305880D39295D3
184.97.132.8,16/Oct/2012:14:13:39+0000,DO-001.mp3,39096,25683092,B23595C4554EBE10
184.97.132.8,16/Oct/2012:14:13:40+0000,DO-001.mp3,1890377,25683092,9FE54B334100E4E3
184.97.132.8,16/Oct/2012:14:13:40+0000,DO-001.mp3,40489,25683092,EB8A509057959E7A
184.97.132.8,16/Oct/2012:14:13:41+0000,DO-001.mp3,62209,25683092,C9B7ED452C54A234
184.97.132.8,16/Oct/2012:14:13:42+0000,DO-001.mp3,43385,25683092,0080F1953D94A53D
184.97.132.8,16/Oct/2012:14:13:42+0000,DO-001.mp3,86274,25683092,F2C4E42F2DF1DBAF
184.97.132.8,16/Oct/2012:14:13:43+0000,DO-001.mp3,72345,25683092,352C18C1EEDDF6F7
184.97.132.8,16/Oct/2012:14:13:44+0000,DO-001.mp3,78137,25683092,44641C42D61009DB
184.97.132.8,16/Oct/2012:14:13:44+0000,DO-001.mp3,88218,25683092,9EFDF2A6C44B5A45
184.97.132.8,16/Oct/2012:14:13:45+0000,DO-001.mp3,63657,25683092,DA36FFD946A4F89A
184.97.132.8,16/Oct/2012:14:13:46+0000,DO-001.mp3,106492,25683092,F90A051597EC8616
184.97.132.8,16/Oct/2012:14:13:46+0000,DO-001.mp3,62209,25683092,BBC93CB083B86E6C
184.97.132.8,16/Oct/2012:14:13:47+0000,DO-001.mp3,2219696,25683092,AB367790DC4E5302
184.97.132.8,16/Oct/2012:14:13:48+0000,DO-001.mp3,49124,25683092,172C828810684700
184.97.132.8,16/Oct/2012:14:13:48+0000,DO-001.mp3,60761,25683092,4C9F4AD4E1EFD8CB
184.97.132.8,16/Oct/2012:14:13:49+0000,DO-001.mp3,70897,25683092,F08642262565B9AE
184.97.132.8,16/Oct/2012:14:13:50+0000,DO-001.mp3,44778,25683092,0506A20DD0EBE10E
184.97.132.8,16/Oct/2012:14:13:50+0000,DO-001.mp3,63657,25683092,885FCF00ACC33183
184.97.132.8,16/Oct/2012:14:13:51+0000,DO-001.mp3,63657,25683092,031D842986FDCF2E
184.97.132.8,16/Oct/2012:14:13:52+0000,DO-001.mp3,72345,25683092,DB23A274662CCD91
184.97.132.8,16/Oct/2012:14:13:53+0000,DO-001.mp3,105594,25683092,D6918E303AD4744E
184.97.132.8,16/Oct/2012:14:13:53+0000,DO-001.mp3,105594,25683092,EC43FD1BBB0B0553
184.97.132.8,16/Oct/2012:14:13:54+0000,DO-001.mp3,63657,25683092,D98FC98A7FB51D98
184.97.132.8,16/Oct/2012:14:13:55+0000,DO-001.mp3,47784,25683092,8CE955E8563FBD33
184.97.132.8,16/Oct/2012:14:13:55+0000,DO-001.mp3,68001,25683092,AEC2A68E0BDC629D
184.97.132.8,16/Oct/2012:14:13:56+0000,DO-001.mp3,65105,25683092,F5B9285DEA42C13D
184.97.132.8,16/Oct/2012:14:13:57+0000,DO-001.mp3,62209,25683092,F7DD04608E405023
184.97.132.8,16/Oct/2012:14:13:57+0000,DO-001.mp3,88218,25683092,BF418E4DFBD02549
184.97.132.8,16/Oct/2012:14:13:58+0000,DO-001.mp3,89666,25683092,C94B105E87ABAB6D
184.97.132.8,16/Oct/2012:14:13:59+0000,DO-001.mp3,65105,25683092,FB9FE4B76A8BF73D
184.97.132.8,16/Oct/2012:14:13:59+0000,DO-001.mp3,72950,25683092,2EEA19F0BF17468A
184.97.132.8,16/Oct/2012:14:14:00+0000,DO-001.mp3,105649,25683092,F56B42417042FFB9
184.97.132.8,16/Oct/2012:14:14:01+0000,DO-001.mp3,65105,25683092,9F3372FE77DDE50D
184.97.132.8,16/Oct/2012:14:14:02+0000,DO-001.mp3,105649,25683092,067F01542FF43D46
184.97.132.8,16/Oct/2012:14:14:02+0000,DO-001.mp3,106075,25683092,33176178B9A96EC1
184.97.132.8,16/Oct/2012:14:14:03+0000,DO-001.mp3,105594,25683092,D4AA1F54B0B096AF
184.97.132.8,16/Oct/2012:14:14:03+0000,DO-001.mp3,68001,25683092,62D3CA16926F689C
184.97.132.8,16/Oct/2012:14:14:04+0000,DO-001.mp3,44833,25683092,4C4BE322B68B5603
184.97.132.8,16/Oct/2012:14:14:05+0000,DO-001.mp3,69449,25683092,0BD4E5D7389A97E5
184.97.132.8,16/Oct/2012:14:14:06+0000,DO-001.mp3,60761,25683092,A68ED4E44A6DFEB0
184.97.132.8,16/Oct/2012:14:14:06+0000,DO-001.mp3,89666,25683092,4DA7C466EDB6ED1C
184.97.132.8,16/Oct/2012:14:14:07+0000,DO-001.mp3,89721,25683092,70A43CECBDFCC76B
184.97.132.8,16/Oct/2012:14:14:08+0000,DO-001.mp3,54914,25683092,3F4080913905241D
184.97.132.8,16/Oct/2012:14:14:08+0000,DO-001.mp3,89666,25683092,56371DB317EC232B
184.97.132.8,16/Oct/2012:14:14:09+0000,DO-001.mp3,66553,25683092,20A50E3754FCC3BE
184.97.132.8,16/Oct/2012:14:14:10+0000,DO-001.mp3,105594,25683092,E4FC6A47CE7BBAD4
184.97.132.8,16/Oct/2012:14:14:11+0000,DO-001.mp3,72290,25683092,C8429A7485D9CE12
184.97.132.8,16/Oct/2012:14:14:11+0000,DO-001.mp3,80978,25683092,A64A7E8F198F174A
184.97.132.8,16/Oct/2012:14:14:12+0000,DO-001.mp3,65105,25683092,8580E421A7455944
184.97.132.8,16/Oct/2012:14:14:13+0000,DO-001.mp3,102753,25683092,CA3E989C08B0CA16
184.97.132.8,16/Oct/2012:14:14:13+0000,DO-001.mp3,89666,25683092,23541A1259099962
184.97.132.8,16/Oct/2012:14:14:14+0000,DO-001.mp3,2602851,25683092,3EF75AFB1D0946C7
184.97.132.8,16/Oct/2012:14:14:15+0000,DO-001.mp3,101003,25683092,24770F17E4CE61EE
184.97.132.8,16/Oct/2012:14:14:15+0000,DO-001.mp3,62209,25683092,2F71FEB18C920EF1
184.97.132.8,16/Oct/2012:14:14:16+0000,DO-001.mp3,65105,25683092,98A89B18BA58831A
184.97.132.8,16/Oct/2012:14:14:16+0000,DO-001.mp3,89666,25683092,09BCEB220EE678A1
184.97.132.8,16/Oct/2012:14:14:17+0000,DO-001.mp3,89666,25683092,00CA587B7256FCC2
184.97.132.8,16/Oct/2012:14:14:18+0000,DO-001.mp3,72345,25683092,E4EE6F67B4193960
184.97.132.8,16/Oct/2012:14:14:18+0000,DO-001.mp3,81033,25683092,7E621ACFD0073ED1
184.97.132.8,16/Oct/2012:14:14:19+0000,DO-001.mp3,137450,25683092,2EA2F66D308170BE
184.97.132.8,16/Oct/2012:14:14:20+0000,DO-001.mp3,104146,25683092,34404F43AF856126
184.97.132.8,16/Oct/2012:14:14:20+0000,DO-001.mp3,72290,25683092,A7814365A76334F6
184.97.132.8,16/Oct/2012:14:14:21+0000,DO-001.mp3,2619337,25683092,E9E3E5558E57AFE9
184.97.132.8,16/Oct/2012:14:14:22+0000,DO-001.mp3,63602,25683092,D2F89466282F67FF
184.97.132.8,16/Oct/2012:14:14:22+0000,DO-001.mp3,65105,25683092,8624E8F525EA3ADD
184.97.132.8,16/Oct/2012:14:14:23+0000,DO-001.mp3,66553,25683092,C3FC23587ECCAF9E
184.97.132.8,16/Oct/2012:14:14:24+0000,DO-001.mp3,106493,25683092,6398116EF664E7A8
184.97.132.8,16/Oct/2012:14:14:24+0000,DO-001.mp3,72345,25683092,3964605C2151DCCE
184.97.132.8,16/Oct/2012:14:14:25+0000,DO-001.mp3,104146,25683092,F8CEE36C7A43363F
184.97.132.8,16/Oct/2012:14:14:25+0000,DO-001.mp3,72345,25683092,8EC539577F789C15
184.97.132.8,16/Oct/2012:14:14:26+0000,DO-001.mp3,3045168,25683092,B4C6472E2B84BFB5
184.97.132.8,16/Oct/2012:14:14:27+0000,DO-001.mp3,57260,25683092,63B2E7F41AD7874A
184.97.132.8,16/Oct/2012:14:14:27+0000,DO-001.mp3,78082,25683092,0FAFA1A82119DDCB
184.97.132.8,16/Oct/2012:14:14:28+0000,DO-001.mp3,105540,25683092,D3772D2BF2F49442
184.97.132.8,16/Oct/2012:14:14:29+0000,DO-001.mp3,102753,25683092,9920FB702D89AAF3
184.97.132.8,16/Oct/2012:14:14:29+0000,DO-001.mp3,72290,25683092,CCC4FCD4EC249E09
184.97.132.8,16/Oct/2012:14:14:30+0000,DO-001.mp3,104146,25683092,FA5BAA8861998B20
184.97.132.8,16/Oct/2012:14:14:30+0000,DO-001.mp3,72345,25683092,C973E05FBF9EE0DF
184.97.132.8,16/Oct/2012:14:14:31+0000,DO-001.mp3,65105,25683092,F394992AD9F59E50
184.97.132.8,16/Oct/2012:14:14:32+0000,DO-001.mp3,105594,25683092,4EA6C44AEDC6748B
184.97.132.8,16/Oct/2012:14:14:32+0000,DO-001.mp3,106492,25683092,F73B541D0105E1B8
184.97.132.8,16/Oct/2012:14:14:33+0000,DO-001.mp3,202500,25683092,CA0854CD9216721C
184.97.132.8,16/Oct/2012:14:14:34+0000,DO-001.mp3,105649,25683092,944D27ED112B93FA
184.97.132.8,16/Oct/2012:14:14:34+0000,DO-001.mp3,72345,25683092,1CCA2E603DC34837
184.97.132.8,16/Oct/2012:14:14:35+0000,DO-001.mp3,104201,25683092,EC10C877C09133CA
184.97.132.8,16/Oct/2012:14:14:36+0000,DO-001.mp3,105594,25683092,D4F4A0A32B7DCC83
184.97.132.8,16/Oct/2012:14:14:36+0000,DO-001.mp3,86770,25683092,ADA54679AEAB0CE3
184.97.132.8,16/Oct/2012:14:14:37+0000,DO-001.mp3,101250,25683092,E11425ACEB0B7CCE
184.97.132.8,16/Oct/2012:14:14:37+0000,DO-001.mp3,62154,25683092,DC3728A104D335A9
184.97.132.8,16/Oct/2012:14:14:38+0000,DO-001.mp3,71344,25683092,6C9FA39372EAF3A1
184.97.132.8,16/Oct/2012:14:14:39+0000,DO-001.mp3,121522,25683092,7B223A55F34DC22F
184.97.132.8,16/Oct/2012:14:14:39+0000,DO-001.mp3,89721,25683092,D3481D8905B87E8E
184.97.132.8,16/Oct/2012:14:14:40+0000,DO-001.mp3,60706,25683092,946421C9FCD0B29D
184.97.132.8,16/Oct/2012:14:14:41+0000,DO-001.mp3,130155,25683092,03627D760E5E0BE3
184.97.132.8,16/Oct/2012:14:14:42+0000,DO-001.mp3,1856189,25683092,A9280ED804948564
184.97.132.8,16/Oct/2012:14:14:42+0000,DO-001.mp3,78137,25683092,2E30A7F6C35CBD29
184.97.132.8,16/Oct/2012:14:14:43+0000,DO-001.mp3,167749,25683092,A963634C15F1F80A
184.97.132.8,16/Oct/2012:14:14:43+0000,DO-001.mp3,63657,25683092,D79010ACED4C9410
184.97.132.8,16/Oct/2012:14:14:44+0000,DO-001.mp3,318285,25683092,2A021A3765CD02B2
184.97.132.8,16/Oct/2012:14:14:45+0000,DO-001.mp3,105649,25683092,26FD4AFF90FF39B8
184.97.132.8,16/Oct/2012:14:14:45+0000,DO-001.mp3,78137,25683092,F13D0F1255D0F242
184.97.132.8,16/Oct/2012:14:14:46+0000,DO-001.mp3,106493,25683092,DC2F2F7F99850CA9
184.97.132.8,16/Oct/2012:14:14:47+0000,DO-001.mp3,106493,25683092,F2E119C569C88417
184.97.132.8,16/Oct/2012:14:14:47+0000,DO-001.mp3,63657,25683092,0DDE53F1B6092E57
184.97.132.8,16/Oct/2012:14:14:48+0000,DO-001.mp3,104146,25683092,B524273F3B3A18E6
184.97.132.8,16/Oct/2012:14:14:49+0000,DO-001.mp3,738955,25683092,3C76B63B54796FF6
184.97.132.8,16/Oct/2012:14:14:50+0000,DO-001.mp3,3727049,25683092,F7D8CAC2B1A1BFEF
184.97.132.8,16/Oct/2012:14:14:50+0000,DO-001.mp3,65105,25683092,F793644EDBEACE92
184.97.132.8,16/Oct/2012:14:14:51+0000,DO-001.mp3,112779,25683092,9320C4A2CFEE3B58
184.97.132.8,16/Oct/2012:14:14:52+0000,DO-001.mp3,101250,25683092,05B5E856FFFB71D9
184.97.132.8,16/Oct/2012:14:14:53+0000,DO-001.mp3,66498,25683092,107C496983C854FC
184.97.132.8,16/Oct/2012:14:14:53+0000,DO-001.mp3,80978,25683092,60F925D444308C2F
184.97.132.8,16/Oct/2012:14:14:54+0000,DO-001.mp3,88218,25683092,C894B4372BDBCEFF
184.97.132.8,16/Oct/2012:14:14:55+0000,DO-001.mp3,105649,25683092,E31E8FB574D3EFA1
184.97.132.8,16/Oct/2012:14:14:55+0000,DO-001.mp3,63657,25683092,B56FFED4467D4E9A
184.97.132.8,16/Oct/2012:14:14:56+0000,DO-001.mp3,2847491,25683092,F37979565D5F299F
184.97.132.8,16/Oct/2012:14:14:56+0000,DO-001.mp3,63657,25683092,7791A1D162DB5576
184.97.132.8,16/Oct/2012:14:14:57+0000,DO-001.mp3,72345,25683092,51CF70999C5A12EA
184.97.132.8,16/Oct/2012:14:14:58+0000,DO-001.mp3,80978,25683092,C3F0F0E56931892F
184.97.132.8,16/Oct/2012:14:14:59+0000,DO-001.mp3,105594,25683092,6DBFD723122DF7DD
184.97.132.8,16/Oct/2012:14:14:59+0000,DO-001.mp3,81033,25683092,5F25C1282F64C2E3
184.97.132.8,16/Oct/2012:14:15:00+0000,DO-001.mp3,46227,25683092,879A3DB28B4B5BD1
184.97.132.8,16/Oct/2012:14:15:00+0000,DO-001.mp3,89721,25683092,CF7750E922C362DF
184.97.132.8,16/Oct/2012:14:15:01+0000,DO-001.mp3,176546,25683092,ED7816270FBFFF93
184.97.132.8,16/Oct/2012:14:15:02+0000,DO-001.mp3,104999,25683092,A909597704D8C906
184.97.132.8,16/Oct/2012:14:15:02+0000,DO-001.mp3,65105,25683092,E9338A856C578F5A
184.97.132.8,16/Oct/2012:14:15:03+0000,DO-001.mp3,100699,25683092,BE515A209C826884
184.97.132.8,16/Oct/2012:14:15:04+0000,DO-001.mp3,104146,25683092,E0C62D5345D4862D
184.97.132.8,16/Oct/2012:14:15:04+0000,DO-001.mp3,63657,25683092,8EE4177AAC3E90C6
184.97.132.8,16/Oct/2012:14:15:05+0000,DO-001.mp3,195315,25683092,0923911F5121EDE9
184.97.132.8,16/Oct/2012:14:15:06+0000,DO-001.mp3,63657,25683092,14253F397FC77F44
184.97.132.8,16/Oct/2012:14:15:06+0000,DO-001.mp3,65105,25683092,75690EEEC4F301EF
184.97.132.8,16/Oct/2012:14:15:07+0000,DO-001.mp3,67946,25683092,D27EEE53498A6124
184.97.132.8,16/Oct/2012:14:15:08+0000,DO-001.mp3,66553,25683092,349BAF17286BABD5
184.97.132.8,16/Oct/2012:14:15:08+0000,DO-001.mp3,72345,25683092,E6ED385DB9BCDF72
184.97.132.8,16/Oct/2012:14:15:09+0000,DO-001.mp3,104146,25683092,A1ADCB3C3336DC18
184.97.132.8,16/Oct/2012:14:15:09+0000,DO-001.mp3,104146,25683092,F61C0C1180A96A02
184.97.132.8,16/Oct/2012:14:15:10+0000,DO-001.mp3,2309136,25683092,6A6501362E71B063
184.97.132.8,16/Oct/2012:14:15:11+0000,DO-001.mp3,62209,25683092,0F72AEC4F8D2B9C0
184.97.132.8,16/Oct/2012:14:15:11+0000,DO-001.mp3,63657,25683092,AB5B597C6EF18381
184.97.132.8,16/Oct/2012:14:15:12+0000,DO-001.mp3,63602,25683092,ABEA9FEECFB69BFB
184.97.132.8,16/Oct/2012:14:15:13+0000,DO-001.mp3,34752,25683092,783FA766DCE73A19
184.97.132.8,16/Oct/2012:14:15:13+0000,DO-001.mp3,39041,25683092,F2C19B1E4BC8F9C2
184.97.132.8,16/Oct/2012:14:15:14+0000,DO-001.mp3,34146,25683092,60DEA35004880389
184.97.132.8,16/Oct/2012:14:15:15+0000,DO-001.mp3,34697,25683092,795F0047A8597178
184.97.132.8,16/Oct/2012:14:15:16+0000,DO-001.mp3,34146,25683092,D1E5B2F333469A1B
184.97.132.8,16/Oct/2012:14:15:17+0000,DO-001.mp3,40784,25683092,9966D4A4894F7BD2
184.97.132.8,16/Oct/2012:14:15:17+0000,DO-001.mp3,40891,25683092,2AF80D1E071B8F38
184.97.132.8,16/Oct/2012:14:15:18+0000,DO-001.mp3,34752,25683092,3502781E2B4C8D33
184.97.132.8,16/Oct/2012:14:15:19+0000,DO-001.mp3,40489,25683092,B3C4D31F4B61C9F1
184.97.132.8,16/Oct/2012:14:15:20+0000,DO-001.mp3,37042,25683092,F0CC38040335990C
184.97.132.8,16/Oct/2012:14:15:21+0000,DO-001.mp3,40489,25683092,61862202677498F0
184.97.132.8,16/Oct/2012:14:15:22+0000,DO-001.mp3,40489,25683092,B065FFCE74B4FCF8
184.97.132.8,16/Oct/2012:14:15:23+0000,DO-001.mp3,33487,25683092,F04C11A92AC83D00
184.97.132.8,16/Oct/2012:14:15:23+0000,DO-001.mp3,40544,25683092,2D387F9DE2631E0E
184.97.132.8,16/Oct/2012:14:15:24+0000,DO-001.mp3,40544,25683092,751A74A114CF9331
184.97.132.8,16/Oct/2012:14:15:25+0000,DO-001.mp3,35541,25683092,227D5E98CD06252F
184.97.132.8,16/Oct/2012:14:15:26+0000,DO-001.mp3,34697,25683092,AEA1E343200F75D4
184.97.132.8,16/Oct/2012:14:15:27+0000,DO-001.mp3,32702,25683092,09D724F14D00B7DA
184.97.132.8,16/Oct/2012:14:15:28+0000,DO-001.mp3,36145,25683092,B4E9688F644599A5
184.97.132.8,16/Oct/2012:14:15:28+0000,DO-001.mp3,628704,25683092,632E1838C8BE7F0F
184.97.132.8,16/Oct/2012:14:15:30+0000,DO-001.mp3,32592,25683092,C40FB48BAC5CA582
184.97.132.8,16/Oct/2012:14:15:31+0000,DO-001.mp3,34146,25683092,9C81F1C37FF02039
184.97.132.8,16/Oct/2012:14:15:31+0000,DO-001.mp3,39041,25683092,0A61FB355631C3CB
184.97.132.8,16/Oct/2012:14:15:32+0000,DO-001.mp3,40489,25683092,12F37FB711448172
184.97.132.8,16/Oct/2012:14:15:33+0000,DO-001.mp3,28960,25683092,6A15AB23552F9FBD
184.97.132.8,16/Oct/2012:14:15:33+0000,DO-001.mp3,34752,25683092,9468971C37BD0FE5
184.97.132.8,16/Oct/2012:14:15:34+0000,DO-001.mp3,40838,25683092,D20772C304626B53
184.97.132.8,16/Oct/2012:14:15:35+0000,DO-001.mp3,37036,25683092,A16AEBD37F1EDD4B
184.97.132.8,16/Oct/2012:14:15:36+0000,DO-001.mp3,36439,25683092,000A8D4BF305C471
184.97.132.8,16/Oct/2012:14:15:37+0000,DO-001.mp3,37593,25683092,48939014019698A1
184.97.132.8,16/Oct/2012:14:15:37+0000,DO-001.mp3,40489,25683092,85A20D86724EBEE8
184.97.132.8,16/Oct/2012:14:15:38+0000,DO-001.mp3,31801,25683092,B11AF54906069731
184.97.132.8,16/Oct/2012:14:15:39+0000,DO-001.mp3,40676,25683092,1D9D81FEF1ADC8B8
184.97.132.8,16/Oct/2012:14:15:40+0000,DO-001.mp3,34752,25683092,9A6CB8EC14912C96
184.97.132.8,16/Oct/2012:14:15:41+0000,DO-001.mp3,40434,25683092,6EA5435B47DC13AA
184.97.132.8,16/Oct/2012:14:15:41+0000,DO-001.mp3,40544,25683092,84C50E48704CC054
184.97.132.8,16/Oct/2012:14:15:42+0000,DO-001.mp3,40434,25683092,5325F7354FAC1945
184.97.132.8,16/Oct/2012:14:15:43+0000,DO-001.mp3,38986,25683092,D878A231753D0AE4
184.97.132.8,16/Oct/2012:14:15:44+0000,DO-001.mp3,39041,25683092,EEF4E93DA685B257
184.97.132.8,16/Oct/2012:14:15:45+0000,DO-001.mp3,39041,25683092,4F770B41CF784B34
184.97.132.8,16/Oct/2012:14:15:46+0000,DO-001.mp3,37593,25683092,22B0A62F1E287C30
184.97.132.8,16/Oct/2012:14:15:47+0000,DO-001.mp3,39491,25683092,DE9C8C73F0CC1B7D
184.97.132.8,16/Oct/2012:14:15:47+0000,DO-001.mp3,40622,25683092,78B17237557A7A88
184.97.132.8,16/Oct/2012:14:15:48+0000,DO-001.mp3,40489,25683092,94EC6076ACCEB8B9
184.97.132.8,16/Oct/2012:14:15:49+0000,DO-001.mp3,40489,25683092,69741319B28C9A29
184.97.132.8,16/Oct/2012:14:15:50+0000,DO-001.mp3,34643,25683092,A5C8644302FCE94E
184.97.132.8,16/Oct/2012:14:15:50+0000,DO-001.mp3,37593,25683092,4BD969E65DE588C0
184.97.132.8,16/Oct/2012:14:15:51+0000,DO-001.mp3,31856,25683092,94EED37FA461C8E7
184.97.132.8,16/Oct/2012:14:15:52+0000,DO-001.mp3,37648,25683092,51E024EC6398A564
184.97.132.8,16/Oct/2012:14:15:53+0000,DO-001.mp3,36200,25683092,E770FFBF9118A2CF
184.97.132.8,16/Oct/2012:14:15:54+0000,DO-001.mp3,39993,25683092,680DD242A87BF073
184.97.132.8,16/Oct/2012:14:15:55+0000,DO-001.mp3,37593,25683092,EABC676DE3E66E24
184.97.132.8,16/Oct/2012:14:15:55+0000,DO-001.mp3,40730,25683092,347CC93C0CA2E8BE
184.97.132.8,16/Oct/2012:14:15:56+0000,DO-001.mp3,40434,25683092,ABC883AC6C1C5E85
184.97.132.8,16/Oct/2012:14:15:57+0000,DO-001.mp3,40489,25683092,D445DB505C98F476
184.97.132.8,16/Oct/2012:14:15:58+0000,DO-001.mp3,34752,25683092,860B11E3709DBC49
184.97.132.8,16/Oct/2012:14:15:59+0000,DO-001.mp3,36988,25683092,DD1A44078E469EC3
184.97.132.8,16/Oct/2012:14:15:59+0000,DO-001.mp3,37648,25683092,E3AFA11A367ADDC9
184.97.132.8,16/Oct/2012:14:16:00+0000,DO-001.mp3,40489,25683092,C8D201999F646D00
184.97.132.8,16/Oct/2012:14:16:01+0000,DO-001.mp3,31305,25683092,F1549F952E509780
184.97.132.8,16/Oct/2012:14:16:02+0000,DO-001.mp3,40489,25683092,2EBE2C87333AB2C5
184.97.132.8,16/Oct/2012:14:16:03+0000,DO-001.mp3,34697,25683092,C33C7971703667E5
184.97.132.8,16/Oct/2012:14:16:04+0000,DO-001.mp3,28960,25683092,90BD4C65434F63CD
184.97.132.8,16/Oct/2012:14:16:04+0000,DO-001.mp3,34201,25683092,F48361725D3828A6
184.97.132.8,16/Oct/2012:14:16:05+0000,DO-001.mp3,39096,25683092,9A185454ECC7E4A4
184.97.132.8,16/Oct/2012:14:16:06+0000,DO-001.mp3,40730,25683092,9DF5F163C0FDD831
184.97.132.8,16/Oct/2012:14:16:07+0000,DO-001.mp3,36934,25683092,84FD0B3B4C89FD12
184.97.132.8,16/Oct/2012:14:16:08+0000,DO-001.mp3,37593,25683092,11A9242C1E9CA8CB
184.97.132.8,16/Oct/2012:14:16:08+0000,DO-001.mp3,37593,25683092,3E40BF8AC2BD00EF
184.97.132.8,16/Oct/2012:14:16:09+0000,DO-001.mp3,36989,25683092,5B96DFE8C777899D
184.97.132.8,16/Oct/2012:14:16:10+0000,DO-001.mp3,37648,25683092,43DFA0E25AD6BF61
184.97.132.8,16/Oct/2012:14:16:11+0000,DO-001.mp3,36200,25683092,DC1FB1F3584DDEF0
184.97.132.8,16/Oct/2012:14:16:12+0000,DO-001.mp3,37648,25683092,263BA64B1D60638A
184.97.132.8,16/Oct/2012:14:16:13+0000,DO-001.mp3,103650,25683092,9A1715DA707E0D57
184.97.132.8,16/Oct/2012:14:16:13+0000,DO-001.mp3,88163,25683092,7E93B06AEC011BE2
184.97.132.8,16/Oct/2012:14:16:14+0000,DO-001.mp3,72345,25683092,09AE22298242F101
184.97.132.8,16/Oct/2012:14:16:15+0000,DO-001.mp3,72290,25683092,27AECD6E494B67BB
184.97.132.8,16/Oct/2012:14:16:15+0000,DO-001.mp3,80978,25683092,B315263FAA2342B1
184.97.132.8,16/Oct/2012:14:16:16+0000,DO-001.mp3,88364,25683092,98273C7824F61925
184.97.132.8,16/Oct/2012:14:16:17+0000,DO-001.mp3,72345,25683092,DBB0FD3F1648AEF2
184.97.132.8,16/Oct/2012:14:16:17+0000,DO-001.mp3,74824,25683092,25EA1731112EF523
184.97.132.8,16/Oct/2012:14:16:18+0000,DO-001.mp3,60875,25683092,AB003AF23B347B88
184.97.132.8,16/Oct/2012:14:16:19+0000,DO-001.mp3,47335,25683092,BAD26BF46BB25E7A
184.97.132.8,16/Oct/2012:14:16:19+0000,DO-001.mp3,54105,25683092,7BC1F0645DD5EFD0
184.97.132.8,16/Oct/2012:14:16:20+0000,DO-001.mp3,38744,25683092,5B44B144B5383FB8
184.97.132.8,16/Oct/2012:14:16:21+0000,DO-001.mp3,23383,25683092,969FA33C991E7320
184.97.132.8,16/Oct/2012:14:16:21+0000,DO-001.mp3,31974,25683092,15291074A3DE3EF6
184.97.132.8,16/Oct/2012:14:16:22+0000,DO-001.mp3,16613,25683092,A55DE14A5F2BEA4B
184.97.132.8,16/Oct/2012:14:16:23+0000,DO-001.mp3,65105,25683092,D9447D887C2CFA1B
184.97.132.8,16/Oct/2012:14:16:23+0000,DO-001.mp3,9843,25683092,AA8E5C833071ACD2
184.97.132.8,16/Oct/2012:14:16:24+0000,DO-001.mp3,101250,25683092,575DAE39C2A17086
184.97.132.8,16/Oct/2012:14:16:24+0000,DO-001.mp3,81033,25683092,0C6635BA228E08DA
184.97.132.8,16/Oct/2012:14:16:25+0000,DO-001.mp3,1661545,25683092,498AB187C2E962F0
184.97.132.8,16/Oct/2012:14:16:26+0000,DO-001.mp3,104092,25683092,87B4BC57D24E92CE
184.97.132.8,16/Oct/2012:14:16:26+0000,DO-001.mp3,89666,25683092,626585A6F44F7A63
184.97.132.8,16/Oct/2012:14:16:27+0000,DO-001.mp3,72345,25683092,10A64587CB9C73A3
184.97.132.8,16/Oct/2012:14:16:28+0000,DO-001.mp3,104146,25683092,410B8C7DA80CDC41
184.97.132.8,16/Oct/2012:14:16:28+0000,DO-001.mp3,89666,25683092,C1CBB44D732E7C7C
184.97.132.8,16/Oct/2012:14:16:29+0000,DO-001.mp3,73684,25683092,A1B1BDC5D20BEED8
184.97.132.8,16/Oct/2012:14:16:30+0000,DO-001.mp3,65105,25683092,2A4E159D9A217187
184.97.132.8,16/Oct/2012:14:16:30+0000,DO-001.mp3,66553,25683092,109539ADC8687C66
184.97.132.8,16/Oct/2012:14:16:31+0000,DO-001.mp3,2407972,25683092,341ED7B2C61B3EAB
184.97.132.8,16/Oct/2012:14:16:32+0000,DO-001.mp3,63657,25683092,B3D1DA12A20272C8
184.97.132.8,16/Oct/2012:14:16:32+0000,DO-001.mp3,72345,25683092,ACE2D6FFE05DFD66
184.97.132.8,16/Oct/2012:14:16:33+0000,DO-001.mp3,59313,25683092,01C7CB1D23B2A398
184.97.132.8,16/Oct/2012:14:16:34+0000,DO-001.mp3,2643167,25683092,DBEBA5411715D201
184.97.132.8,16/Oct/2012:14:16:34+0000,DO-001.mp3,98354,25683092,DABB7737AEED4534
184.97.132.8,16/Oct/2012:14:16:35+0000,DO-001.mp3,65105,25683092,75A3F46381DBED90
184.97.132.8,16/Oct/2012:14:16:36+0000,DO-001.mp3,63657,25683092,2F1153E602CF0D21
184.97.132.8,16/Oct/2012:14:16:37+0000,DO-001.mp3,67799,25683092,9C6B18D6E16AE4E4
184.97.132.8,16/Oct/2012:14:16:37+0000,DO-001.mp3,69449,25683092,422A6DA613018AFE
184.97.132.8,16/Oct/2012:14:16:38+0000,DO-001.mp3,63657,25683092,311DCE300BACC579
184.97.132.8,16/Oct/2012:14:16:38+0000,DO-001.mp3,81033,25683092,BD9A160FFAAB0C74
184.97.132.8,16/Oct/2012:14:16:39+0000,DO-001.mp3,66498,25683092,BC3683254CC405F2
184.97.132.8,16/Oct/2012:14:16:40+0000,DO-001.mp3,56417,25683092,808DAA0FE0FC7DDF
184.97.132.8,16/Oct/2012:14:16:40+0000,DO-001.mp3,63657,25683092,62EE894E7778DD8E
184.97.132.8,16/Oct/2012:14:16:41+0000,DO-001.mp3,1933108,25683092,CD8F329A92B1C8ED
184.97.132.8,16/Oct/2012:14:16:42+0000,DO-001.mp3,253180,25683092,40299979EE6A6B8B
184.97.132.8,16/Oct/2012:14:16:43+0000,DO-001.mp3,2915232,25683092,0E0BD49FA0F2F06A
184.97.132.8,16/Oct/2012:14:16:43+0000,DO-001.mp3,88273,25683092,E78461FC7441A9DD
184.97.132.8,16/Oct/2012:14:16:44+0000,DO-001.mp3,209740,25683092,3782AC695852DE9C
184.97.132.8,16/Oct/2012:14:16:45+0000,DO-001.mp3,104146,25683092,CF60F06014994A47
184.97.132.8,16/Oct/2012:14:16:45+0000,DO-001.mp3,72345,25683092,E3927036EC8E0E38
184.97.132.8,16/Oct/2012:14:16:46+0000,DO-001.mp3,52073,25683092,D7D0FE50588D59DE
184.97.132.8,16/Oct/2012:14:16:47+0000,DO-001.mp3,105649,25683092,770D0CC34303CCF7
184.97.132.8,16/Oct/2012:14:16:47+0000,DO-001.mp3,72345,25683092,C6084F6F6F5B0AE7
184.97.132.8,16/Oct/2012:14:16:48+0000,DO-001.mp3,105594,25683092,0D0960AD85A1D6AB
184.97.132.8,16/Oct/2012:14:16:49+0000,DO-001.mp3,63657,25683092,40910FE331C51F61
184.97.132.8,16/Oct/2012:14:16:49+0000,DO-001.mp3,66553,25683092,71A761A1EC805301
184.97.132.8,16/Oct/2012:14:16:50+0000,DO-001.mp3,63657,25683092,943359D93C21213A
184.97.132.8,16/Oct/2012:14:16:51+0000,DO-001.mp3,105594,25683092,E9091AFFB7089EF6
184.97.132.8,16/Oct/2012:14:16:51+0000,DO-001.mp3,72511,25683092,56DD589707902E1B
184.97.132.8,16/Oct/2012:14:16:52+0000,DO-001.mp3,63602,25683092,41DE5CC26F85CC21
184.97.132.8,16/Oct/2012:14:16:53+0000,DO-001.mp3,60706,25683092,0FDE450B7AB0B298
184.97.132.8,16/Oct/2012:14:16:53+0000,DO-001.mp3,60761,25683092,9B818125299336D4
184.97.132.8,16/Oct/2012:14:16:54+0000,DO-001.mp3,102510,25683092,6F4D4097BB23B098
184.97.132.8,16/Oct/2012:14:16:54+0000,DO-001.mp3,66553,25683092,8347C826C76BEECB
184.97.132.8,16/Oct/2012:14:16:55+0000,DO-001.mp3,1812582,25683092,823DF678EF52004A
184.97.132.8,16/Oct/2012:14:16:56+0000,DO-001.mp3,105594,25683092,B93C636D6F7408B1
184.97.132.8,16/Oct/2012:14:16:56+0000,DO-001.mp3,70897,25683092,2ABAA119D07328E7
184.97.132.8,16/Oct/2012:14:16:57+0000,DO-001.mp3,130210,25683092,BDC186DC4F67F7E1
184.97.132.8,16/Oct/2012:14:16:58+0000,DO-001.mp3,69449,25683092,3AC3B62DB2F21249
184.97.132.8,16/Oct/2012:14:16:58+0000,DO-001.mp3,89666,25683092,0D72B5C8070C9751
184.97.132.8,16/Oct/2012:14:16:59+0000,DO-001.mp3,141794,25683092,67166DB898E8930F
184.97.132.8,16/Oct/2012:14:17:00+0000,DO-001.mp3,105594,25683092,5EF494074EE17449
184.97.132.8,16/Oct/2012:14:17:00+0000,DO-001.mp3,63657,25683092,D5AB93B1BB1C5B57
184.97.132.8,16/Oct/2012:14:17:01+0000,DO-001.mp3,40544,25683092,444E43B5FB74198E
184.97.132.8,16/Oct/2012:14:17:02+0000,DO-001.mp3,65105,25683092,5BD2763419AEE544
184.97.132.8,16/Oct/2012:14:17:02+0000,DO-001.mp3,70897,25683092,3245E92FD51714DE
184.97.132.8,16/Oct/2012:14:17:03+0000,DO-001.mp3,65105,25683092,E1906927FEE01EB5
184.97.132.8,16/Oct/2012:14:17:03+0000,DO-001.mp3,68001,25683092,C794071001DDC078
184.97.132.8,16/Oct/2012:14:17:04+0000,DO-001.mp3,114282,25683092,306ED3D1EA069AD9
184.97.132.8,16/Oct/2012:14:17:05+0000,DO-001.mp3,63657,25683092,802B819BF1D0A1C1
184.97.132.8,16/Oct/2012:14:17:05+0000,DO-001.mp3,72345,25683092,6BB7EEC0B6C8B65D
184.97.132.8,16/Oct/2012:14:17:06+0000,DO-001.mp3,104201,25683092,160634E69DF078FD
184.97.132.8,16/Oct/2012:14:17:07+0000,DO-001.mp3,40489,25683092,7DF38EF9AF0CD469
184.97.132.8,16/Oct/2012:14:17:07+0000,DO-001.mp3,63657,25683092,9F879E0502822543
184.97.132.8,16/Oct/2012:14:17:08+0000,DO-001.mp3,72345,25683092,90319C2ECEDDC3AA
184.97.132.8,16/Oct/2012:14:17:09+0000,DO-001.mp3,104146,25683092,B95392D0214DFDE9
184.97.132.8,16/Oct/2012:14:17:09+0000,DO-001.mp3,70897,25683092,40AFA1A57F0037D5
184.97.132.8,16/Oct/2012:14:17:10+0000,DO-001.mp3,177939,25683092,4B499F950F7BA516
184.97.132.8,16/Oct/2012:14:17:11+0000,DO-001.mp3,60761,25683092,7BEB39605A535D42
184.97.132.8,16/Oct/2012:14:17:11+0000,DO-001.mp3,89613,25683092,0BA3D2BA22C4C19F
184.97.132.8,16/Oct/2012:14:17:12+0000,DO-001.mp3,1530664,25683092,6CAA8A1F5E681EBF
184.97.132.8,16/Oct/2012:14:17:12+0000,DO-001.mp3,89721,25683092,A2EA6CBB6661CFB2
184.97.132.8,16/Oct/2012:14:17:13+0000,DO-001.mp3,72345,25683092,140F10660C942293
184.97.132.8,16/Oct/2012:14:17:14+0000,DO-001.mp3,104091,25683092,61355857AE60E7F0
184.97.132.8,16/Oct/2012:14:17:15+0000,DO-001.mp3,31923,25683092,E47A7B71393A5504
184.97.132.8,16/Oct/2012:14:17:15+0000,DO-001.mp3,72345,25683092,2A15EDBE729C89FA
184.97.132.8,16/Oct/2012:14:17:16+0000,DO-001.mp3,63657,25683092,A3D6EBD319F16731
184.97.132.8,16/Oct/2012:14:17:17+0000,DO-001.mp3,105594,25683092,9D8647872E35997B
184.97.132.8,16/Oct/2012:14:17:18+0000,DO-001.mp3,106438,25683092,67FD06187A7823E3
184.97.132.8,16/Oct/2012:14:17:18+0000,DO-001.mp3,89721,25683092,8C7C766F594E2AE5
184.97.132.8,16/Oct/2012:14:17:19+0000,DO-001.mp3,63657,25683092,483F95B7DB682249
184.97.132.8,16/Oct/2012:14:17:20+0000,DO-001.mp3,63602,25683092,D1AA479677BC78EC
184.97.132.8,16/Oct/2012:14:17:20+0000,DO-001.mp3,69449,25683092,A459971D1B26AE75
184.97.132.8,16/Oct/2012:14:17:21+0000,DO-001.mp3,80978,25683092,DED4682EED68F128
184.97.132.8,16/Oct/2012:14:17:22+0000,DO-001.mp3,105649,25683092,9B7B488615E3C4F2
184.97.132.8,16/Oct/2012:14:17:22+0000,DO-001.mp3,69449,25683092,65ACF35520353A8C
184.97.132.8,16/Oct/2012:14:17:23+0000,DO-001.mp3,72345,25683092,2E03D7B7D82556B6
184.97.132.8,16/Oct/2012:14:17:24+0000,DO-001.mp3,65105,25683092,0F9371FDA0F347BB
184.97.132.8,16/Oct/2012:14:17:25+0000,DO-001.mp3,121467,25683092,99073A44D34E0E7F
184.97.132.8,16/Oct/2012:14:17:25+0000,DO-001.mp3,81033,25683092,21BABC5D5263DEFD
184.97.132.8,16/Oct/2012:14:17:26+0000,DO-001.mp3,170699,25683092,A721F119AAEB2836
184.97.132.8,16/Oct/2012:14:17:27+0000,DO-001.mp3,40489,25683092,D35E592304B26B39
184.97.132.8,16/Oct/2012:14:17:27+0000,DO-001.mp3,60761,25683092,26C99A44565756BD
184.97.132.8,16/Oct/2012:14:17:28+0000,DO-001.mp3,1006613,25683092,2F556D1A4BD074C8
184.97.132.8,16/Oct/2012:14:17:29+0000,DO-001.mp3,40490,25683092,94F1FF10532070FE
184.97.132.8,16/Oct/2012:14:17:29+0000,DO-001.mp3,65050,25683092,CF2351416FD8BDBA
184.97.132.8,16/Oct/2012:14:17:30+0000,DO-001.mp3,103650,25683092,274FA3547E9CE9E4
184.97.132.8,16/Oct/2012:14:17:30+0000,DO-001.mp3,43385,25683092,2AD22E8FA4DB509A
184.97.132.8,16/Oct/2012:14:17:31+0000,DO-001.mp3,105594,25683092,87398CD4E3332948
184.97.132.8,16/Oct/2012:14:17:32+0000,DO-001.mp3,101250,25683092,3BB8DD24C621D557
184.97.132.8,16/Oct/2012:14:17:32+0000,DO-001.mp3,89666,25683092,9ACBC229F8A29F9A
184.97.132.8,16/Oct/2012:14:17:33+0000,DO-001.mp3,76689,25683092,C4E810FFDD50F070
184.97.132.8,16/Oct/2012:14:17:34+0000,DO-001.mp3,105649,25683092,79AF3AB5B020884A
184.97.132.8,16/Oct/2012:14:17:34+0000,DO-001.mp3,88273,25683092,02EE6DA7153DD72F
184.97.132.8,16/Oct/2012:14:17:35+0000,DO-001.mp3,65105,25683092,C0D13593CBAC2F38
184.97.132.8,16/Oct/2012:14:17:36+0000,DO-001.mp3,69449,25683092,3403EEBA2F4ECB4B
184.97.132.8,16/Oct/2012:14:17:36+0000,DO-001.mp3,89721,25683092,0C8B13C8077B5944
184.97.132.8,16/Oct/2012:14:17:37+0000,DO-001.mp3,33249,25683092,A4550BC335768EE9
184.97.132.8,16/Oct/2012:14:17:38+0000,DO-001.mp3,105594,25683092,45FD1363B369A446
184.97.132.8,16/Oct/2012:14:17:38+0000,DO-001.mp3,63657,25683092,932C185AE64E569C
184.97.132.8,16/Oct/2012:14:17:39+0000,DO-001.mp3,100701,25683092,C1F2104BD29E73A1
184.97.132.8,16/Oct/2012:14:17:39+0000,DO-001.mp3,72345,25683092,F15AC4581F6552F5
184.97.132.8,16/Oct/2012:14:17:40+0000,DO-001.mp3,69449,25683092,81A1D761FBCE6988
184.97.132.8,16/Oct/2012:14:17:41+0000,DO-001.mp3,66553,25683092,5919E8D8B9D7F485
184.97.132.8,16/Oct/2012:14:17:41+0000,DO-001.mp3,72345,25683092,09F7D81472F684BB
184.97.132.8,16/Oct/2012:14:17:42+0000,DO-001.mp3,66553,25683092,CA1BEAF33F47B456
184.97.132.8,16/Oct/2012:14:17:43+0000,DO-001.mp3,104146,25683092,212BBE7CE091C52D
184.97.132.8,16/Oct/2012:14:17:43+0000,DO-001.mp3,60707,25683092,B6EA93F02A4C6861
184.97.132.8,16/Oct/2012:14:17:44+0000,DO-001.mp3,81033,25683092,D2CB9418299BF090
184.97.132.8,16/Oct/2012:14:17:45+0000,DO-001.mp3,68001,25683092,B18E0D2AB9E549D2
184.97.132.8,16/Oct/2012:14:17:45+0000,DO-001.mp3,808768,25683092,7F605932D6083DFC
184.97.132.8,16/Oct/2012:14:17:46+0000,DO-001.mp3,104201,25683092,A82F94E62CF8432F
184.97.132.8,16/Oct/2012:14:17:46+0000,DO-001.mp3,63657,25683092,9B47E9C976F0EC58
184.97.132.8,16/Oct/2012:14:17:47+0000,DO-001.mp3,170699,25683092,C5E96FF97544D9E3
184.97.132.8,16/Oct/2012:14:17:48+0000,DO-001.mp3,105649,25683092,23A5CDCA86DE9DDB
184.97.132.8,16/Oct/2012:14:17:48+0000,DO-001.mp3,63657,25683092,4BFBB1635043CB32
184.97.132.8,16/Oct/2012:14:17:49+0000,DO-001.mp3,63657,25683092,6CD9CE503BA8660A
184.97.132.8,16/Oct/2012:14:17:50+0000,DO-001.mp3,68001,25683092,390640B4C9D0551D
184.97.132.8,16/Oct/2012:14:17:50+0000,DO-001.mp3,72345,25683092,C921CB9FB692CBB1
184.97.132.8,16/Oct/2012:14:17:51+0000,DO-001.mp3,69641,25683092,9CA4134C9C847871
184.97.132.8,16/Oct/2012:14:17:51+0000,DO-001.mp3,80978,25683092,23E6CF9488358CF5
184.97.132.8,16/Oct/2012:14:17:52+0000,DO-001.mp3,88273,25683092,08A778AEF3CE3497
184.97.132.8,16/Oct/2012:14:17:53+0000,DO-001.mp3,105594,25683092,D7B05CAB56C69765
184.97.132.8,16/Oct/2012:14:17:54+0000,DO-001.mp3,62154,25683092,A3224E9C57356702
184.97.132.8,16/Oct/2012:14:17:54+0000,DO-001.mp3,72345,25683092,E6AD0AF42FF3E6D4
184.97.132.8,16/Oct/2012:14:17:55+0000,DO-001.mp3,105594,25683092,8B4554F631971578
184.97.132.8,16/Oct/2012:14:17:55+0000,DO-001.mp3,86770,25683092,C6997D89F7F5DDA1
184.97.132.8,16/Oct/2012:14:17:56+0000,DO-001.mp3,237197,25683092,80F2D2244BA758AB
184.97.132.8,16/Oct/2012:14:17:57+0000,DO-001.mp3,62155,25683092,DE5C8FD5BB02D323
184.97.132.8,16/Oct/2012:14:17:57+0000,DO-001.mp3,63602,25683092,C05A97C447D0A162
184.97.132.8,16/Oct/2012:14:17:58+0000,DO-001.mp3,63657,25683092,E61C5079F309B9ED
184.97.132.8,16/Oct/2012:14:17:59+0000,DO-001.mp3,72345,25683092,D8D2893C7615D4E3
184.97.132.8,16/Oct/2012:14:18:00+0000,DO-001.mp3,600818,25683092,5908B21E9DA2995C
184.97.132.8,16/Oct/2012:14:18:00+0000,DO-001.mp3,69449,25683092,037AF5CBCF790D9F
184.97.132.8,16/Oct/2012:14:18:01+0000,DO-001.mp3,66553,25683092,95B2CA22C2A193AE
184.97.132.8,16/Oct/2012:14:18:02+0000,DO-001.mp3,105594,25683092,57CB29629ABD94FD
184.97.132.8,16/Oct/2012:14:18:02+0000,DO-001.mp3,121467,25683092,9BCAF220E2F72B4D
184.97.132.8,16/Oct/2012:14:18:03+0000,DO-001.mp3,101250,25683092,322B3334C8A9899F
184.97.132.8,16/Oct/2012:14:18:03+0000,DO-001.mp3,120074,25683092,C08C4B5419FE1D82
184.97.132.8,16/Oct/2012:14:18:04+0000,DO-001.mp3,102753,25683092,72BF88549A3333A4
184.97.132.8,16/Oct/2012:14:18:05+0000,DO-001.mp3,69449,25683092,3439CCCC8F7EAA16
184.97.132.8,16/Oct/2012:14:18:05+0000,DO-001.mp3,72290,25683092,8715B2BB3F5C19C6
184.97.132.8,16/Oct/2012:14:18:06+0000,DO-001.mp3,63657,25683092,18D98CE192EB4C2E
184.97.132.8,16/Oct/2012:14:18:07+0000,DO-001.mp3,106438,25683092,8BB244B136838EE8
184.97.132.8,16/Oct/2012:14:18:07+0000,DO-001.mp3,65105,25683092,C8E3FC39CD44FBAF
184.97.132.8,16/Oct/2012:14:18:08+0000,DO-001.mp3,251732,25683092,86FE34F260AB2CBE
184.97.132.8,16/Oct/2012:14:18:09+0000,DO-001.mp3,62209,25683092,1107EF77F81109B5
184.97.132.8,16/Oct/2012:14:18:09+0000,DO-001.mp3,81033,25683092,1FDC7331D26B0988
184.97.132.8,16/Oct/2012:14:18:10+0000,DO-001.mp3,108545,25683092,2B29FCB22AEF931A
184.97.132.8,16/Oct/2012:14:18:11+0000,DO-001.mp3,104201,25683092,B7F066A3CB98329B
184.97.132.8,16/Oct/2012:14:18:11+0000,DO-001.mp3,106291,25683092,7DAD1F2C667C4E1B
184.97.132.8,16/Oct/2012:14:18:12+0000,DO-001.mp3,78137,25683092,1F48B66C6B4F7549
184.97.132.8,16/Oct/2012:14:18:13+0000,DO-001.mp3,65105,25683092,A92C8A6844FE608F
184.97.132.8,16/Oct/2012:14:18:14+0000,DO-001.mp3,62209,25683092,86E820FEF990B018
184.97.132.8,16/Oct/2012:14:18:14+0000,DO-001.mp3,86825,25683092,B6DE2759DD275B82
184.97.132.8,16/Oct/2012:14:18:15+0000,DO-001.mp3,72345,25683092,2ECB049357C4BEAF
184.97.132.8,16/Oct/2012:14:18:16+0000,DO-001.mp3,40489,25683092,9DAC8E899DB36903
184.97.132.8,16/Oct/2012:14:18:16+0000,DO-001.mp3,89611,25683092,8B7FD667BB3CC68C
184.97.132.8,16/Oct/2012:14:18:17+0000,DO-001.mp3,104146,25683092,B24CFF301B7B5B20
184.97.132.8,16/Oct/2012:14:18:18+0000,DO-001.mp3,44888,25683092,52B8DEC713B199D4
184.97.132.8,16/Oct/2012:14:18:19+0000,DO-001.mp3,1069862,25683092,A7F98F3FAB1D888D
184.97.132.8,16/Oct/2012:14:18:19+0000,DO-001.mp3,69449,25683092,59C8A904F8C01F9E
184.97.132.8,16/Oct/2012:14:18:20+0000,DO-001.mp3,105594,25683092,B6FB812099EF2E8F
184.97.132.8,16/Oct/2012:14:18:20+0000,DO-001.mp3,65105,25683092,D3658991894E9B51
184.97.132.8,16/Oct/2012:14:18:21+0000,DO-001.mp3,54914,25683092,1727365726074657
184.97.132.8,16/Oct/2012:14:18:22+0000,DO-001.mp3,1023791,25683092,EF628BD4F279EB87
184.97.132.8,16/Oct/2012:14:18:22+0000,DO-001.mp3,63657,25683092,30A3A9BEF92ADC16
184.97.132.8,16/Oct/2012:14:18:24+0000,DO-001.mp3,718202,25683092,F28970B1D0813B22
184.97.132.8,16/Oct/2012:14:18:25+0000,DO-001.mp3,131072,25683092,3E2DE0CCE935DEC2
184.97.132.8,16/Oct/2012:14:18:26+0000,DO-001.mp3,105594,25683092,C2943668E8AE16BC
184.97.132.8,16/Oct/2012:14:18:26+0000,DO-001.mp3,65105,25683092,E1E1AE73A202E947
184.97.132.8,16/Oct/2012:14:18:27+0000,DO-001.mp3,86716,25683092,B270E6FBD67CDC97
184.97.132.8,16/Oct/2012:14:18:28+0000,DO-001.mp3,47784,25683092,AEA2203BBAB93FDE
184.97.132.8,16/Oct/2012:14:18:28+0000,DO-001.mp3,72345,25683092,7E53E074E47FC5A9
184.97.132.8,16/Oct/2012:14:18:29+0000,DO-001.mp3,1531610,25683092,39FBA1AA08258D17
184.97.132.8,16/Oct/2012:14:18:30+0000,DO-001.mp3,40434,25683092,73F115B6841E658B
184.97.132.8,16/Oct/2012:14:18:31+0000,DO-001.mp3,63657,25683092,38BC3E07D572920C
184.97.132.8,16/Oct/2012:14:18:32+0000,DO-001.mp3,63657,25683092,6E7CE804BFC33A87
184.97.132.8,16/Oct/2012:14:18:32+0000,DO-001.mp3,89611,25683092,C97C083C165864D2
184.97.132.8,16/Oct/2012:14:18:33+0000,DO-001.mp3,383390,25683092,72BEAE3FA70CFBA1
184.97.132.8,16/Oct/2012:14:18:34+0000,DO-001.mp3,138898,25683092,15892201B98185AB
184.97.132.8,16/Oct/2012:14:18:35+0000,DO-001.mp3,56362,25683092,D1D3B6A3A7933A23
184.97.132.8,16/Oct/2012:14:18:35+0000,DO-001.mp3,60761,25683092,789D8F7875F5D70E
184.97.132.8,16/Oct/2012:14:18:36+0000,DO-001.mp3,66553,25683092,C405F1D8C56F7BB3
184.97.132.8,16/Oct/2012:14:18:37+0000,DO-001.mp3,72236,25683092,2D1AC0DBF7C1856D
184.97.132.8,16/Oct/2012:14:18:38+0000,DO-001.mp3,138898,25683092,0A1BC4AEBD0C67D7
184.97.132.8,16/Oct/2012:14:18:39+0000,DO-001.mp3,2071645,25683092,92998AAF91D7BF78
184.97.132.8,16/Oct/2012:14:18:39+0000,DO-001.mp3,4849426,25683092,4EF695AA9108E7E5
184.97.132.8,16/Oct/2012:14:18:41+0000,DO-001.mp3,39041,25683092,D3E10CB5AFBA71D1
184.97.132.8,16/Oct/2012:14:18:42+0000,DO-001.mp3,138898,25683092,07A31EE1177AC3C8
184.97.132.8,16/Oct/2012:14:18:43+0000,DO-001.mp3,146138,25683092,F353B2CBAF6CE07E
184.97.132.8,16/Oct/2012:14:18:44+0000,DO-001.mp3,112779,25683092,3C9E631F98FDD4DB
184.97.132.8,16/Oct/2012:14:18:44+0000,DO-001.mp3,121467,25683092,9D0B5AF31F01A367
184.97.132.8,16/Oct/2012:14:18:45+0000,DO-001.mp3,63657,25683092,8E6966748EFB3C54
184.97.132.8,16/Oct/2012:14:18:46+0000,DO-001.mp3,103650,25683092,4A59FFF65BCD2D6D
184.97.132.8,16/Oct/2012:14:18:46+0000,DO-001.mp3,130156,25683092,87FA2DCC2FF97005
184.97.132.8,16/Oct/2012:14:18:47+0000,DO-001.mp3,72345,25683092,BD2935CCBD7A880A
184.97.132.8,16/Oct/2012:14:18:48+0000,DO-001.mp3,40489,25683092,88EE2FD7C8206D3B
184.97.132.8,16/Oct/2012:14:18:48+0000,DO-001.mp3,88163,25683092,BC37A21D6EDE02C7
184.97.132.8,16/Oct/2012:14:18:49+0000,DO-001.mp3,71947,25683092,8C76724B3D2F3ECD
184.97.132.8,16/Oct/2012:14:18:50+0000,DO-001.mp3,34752,25683092,B0250A63C33EA5D9
184.97.132.8,16/Oct/2012:14:18:50+0000,DO-001.mp3,37648,25683092,E11CB3588784F010
184.97.132.8,16/Oct/2012:14:18:51+0000,DO-001.mp3,70897,25683092,5FB06180E33E5A1C
184.97.132.8,16/Oct/2012:14:18:52+0000,DO-001.mp3,79585,25683092,2D944DC66552A5A2
184.97.132.8,16/Oct/2012:14:18:53+0000,DO-001.mp3,39041,25683092,1A838380CAA24963
184.97.132.8,16/Oct/2012:14:18:53+0000,DO-001.mp3,63657,25683092,9F6B2CF9F5FABC25
184.97.132.8,16/Oct/2012:14:18:54+0000,DO-001.mp3,37593,25683092,71305D045B579BB8
184.97.132.8,16/Oct/2012:14:18:54+0000,DO-001.mp3,60706,25683092,C9150FFC3A8387E5
184.97.132.8,16/Oct/2012:14:18:55+0000,DO-001.mp3,5445073,25683092,9DF008D6935E2368
184.97.132.8,16/Oct/2012:14:19:00+0000,DO-001.mp3,43385,25683092,A792DCA4DBCEB030
184.97.132.8,16/Oct/2012:14:20:19+0000,DO-005.mp3,-,23449999,5765623B79B313FA
184.97.132.8,16/Oct/2012:14:20:19+0000,DO-005.mp3,72345,23449999,AA007EF00D978F63
184.97.132.8,16/Oct/2012:14:20:20+0000,DO-005.mp3,113725,23449999,EB4904C3733169FA
184.97.132.8,16/Oct/2012:14:20:59+0000,DO-001.mp3,-,25683092,8527E112135FED7D
184.97.132.8,16/Oct/2012:14:20:59+0000,DO-001.mp3,67946,25683092,2AA4FDCF0DF0FE8E
184.97.132.8,16/Oct/2012:14:20:59+0000,DO-005.mp3,-,23449999,84A03FF357CA5CAB
184.97.132.8,16/Oct/2012:14:20:59+0000,DO-005.mp3,63712,23449999,0D89A46F199BFE25
184.97.132.8,16/Oct/2012:14:21:00+0000,DO-005.mp3,105594,23449999,251E8C1E37682FD6
184.97.132.8,16/Oct/2012:14:21:00+0000,DO-005.mp3,105649,23449999,57BB3005F8226FE6
184.97.132.8,16/Oct/2012:14:21:07+0000,DO-001.mp3,-,25683092,0D5DFE342C12CBAA
184.97.132.8,16/Oct/2012:14:21:07+0000,DO-001.mp3,89721,25683092,01676FD620E9F65C
184.97.132.8,16/Oct/2012:14:24:12+0000,DO-005.mp3,-,23449999,A3C2E100451748D3
184.97.132.8,16/Oct/2012:14:24:12+0000,DO-005.mp3,179387,23449999,8CD84496552B9B5C
184.97.132.8,16/Oct/2012:14:24:12+0000,DO-005.mp3,43440,23449999,945F0E49C3068FF7
184.97.132.8,16/Oct/2012:14:24:16+0000,DO-002.mp3,2,31047807,2AF53B2F7E60FEF5
184.97.132.8,16/Oct/2012:14:24:16+0000,DO-002.mp3,55024,31047807,41084EDD3F47A823
184.97.132.8,16/Oct/2012:14:25:52+0000,DO-002.mp3,-,31047807,E1912EBB3211AB7F
184.97.132.8,16/Oct/2012:14:25:53+0000,DO-002.mp3,2,31047807,15741D2C76F50081
184.97.132.8,16/Oct/2012:14:25:54+0000,DO-002.mp3,31047807,31047807,3D466D506E9A50A9
184.97.132.8,16/Oct/2012:14:26:01+0000,DO-003.mp3,-,45230883,0302E182AF7E1D7D
184.97.132.8,16/Oct/2012:14:26:03+0000,DO-004.mp3,-,40318243,954E9AC8419E62B0
184.97.132.8,16/Oct/2012:14:26:04+0000,DO-005.mp3,-,23449999,2672D0A6818A626C
184.97.132.8,16/Oct/2012:14:26:04+0000,DO-006.mp3,-,30293504,2B8004224FD98184
184.97.132.8,16/Oct/2012:14:26:59+0000,DO-003.mp3,2,45230883,9CEA8E21F6350A87
184.97.132.8,16/Oct/2012:14:27:00+0000,DO-003.mp3,45230883,45230883,074AF8453F362C12
184.97.132.8,16/Oct/2012:14:27:00+0000,DO-003.mp3,65536,45230883,4C4EA742808CDBD9
184.97.132.8,16/Oct/2012:14:27:40+0000,DO-004.mp3,2,40318243,D546BB0274BD91C6
184.97.132.8,16/Oct/2012:14:27:41+0000,DO-004.mp3,40318243,40318243,778C99CF49673970
184.97.132.8,16/Oct/2012:14:28:17+0000,DO-005.mp3,2,23449999,C05FBC058243FFA9
184.97.132.8,16/Oct/2012:14:28:17+0000,DO-005.mp3,23449999,23449999,2B3CE886049799DB
184.97.132.8,16/Oct/2012:14:28:38+0000,DO-006.mp3,2,30293504,5711276463B46988
184.97.132.8,16/Oct/2012:14:28:39+0000,DO-006.mp3,30293504,30293504,4C1B177822EC9CB9
184.97.132.8,16/Oct/2012:19:16:06+0000,DO-002.mp3,-,31047807,BDA7C58B6FE3073D
184.97.132.8,16/Oct/2012:19:16:06+0000,DO-002.mp3,72290,31047807,09478E914C88E67E
184.97.132.8,17/Oct/2012:23:35:21+0000,DO-002.mp3,2,31047807,B1437C2126467229
184.97.132.8,17/Oct/2012:23:35:21+0000,DO-002.mp3,89721,31047807,71FF5A5A2004A764
184.97.132.8,19/Oct/2012:20:15:06+0000,DO-001.mp3,2,25683092,975853E0A65A0E98
184.97.132.8,19/Oct/2012:20:15:07+0000,DO-001.mp3,130265,25683092,3BA7617D0E7BFF3B
198.228.204.243,14/Oct/2012:18:37:18+0000,TWHC-008.mp3,2,46977263,36771FA457BC89C5
198.228.204.243,14/Oct/2012:18:37:18+0000,TWHC-008.mp3,2,46977263,A5F1BC0688BCF480
198.228.204.243,14/Oct/2012:18:37:18+0000,TWHC-008.mp3,43440,46977263,00994D13959DB01F
198.228.204.243,14/Oct/2012:18:37:18+0000,TWHC-008.mp3,48867,46977263,D69130FFB4D083B6
198.228.214.217,19/Oct/2012:04:06:35+0000,DO-005.mp3,2,23449999,85912A04FBA79010
198.228.214.217,19/Oct/2012:04:06:36+0000,DO-005.mp3,5105319,23449999,E39168C550794B25
208.87.61.108,13/Oct/2012:22:54:07+0000,TWHC-008.mp3,11753140,46977263,267EC668E24B9879
209.118.108.165,15/Oct/2012:13:23:31+0000,DO-006.mp3,30293504,30293504,DE19562011AA191D
209.221.49.125,18/Oct/2012:15:16:56+0000,TWHC-008.mp3,2,46977263,CD1E1B0DBC1FA7DD
209.221.49.125,18/Oct/2012:15:16:57+0000,TWHC-008.mp3,3593424,46977263,52E7FA548F378FF7
209.221.49.125,18/Oct/2012:15:16:59+0000,TWHC-008.mp3,46977263,46977263,AFCBAF7D2A24F636
216.165.251.166,14/Oct/2012:15:28:19+0000,DO-006.mp3,-,30293504,AC76FE2DFF28A0BD
216.165.251.166,14/Oct/2012:15:28:19+0000,DO-006.mp3,2,30293504,0C1498D31E763FDC
216.165.251.166,14/Oct/2012:15:28:20+0000,DO-006.mp3,8084317,30293504,92C7F47E8723024C
216.165.251.166,14/Oct/2012:16:12:49+0000,DO-006.mp3,2,30293504,762327185B35033C
216.165.251.166,14/Oct/2012:16:12:50+0000,DO-006.mp3,30293504,30293504,DA9453BFEE7307F9
24.72.92.73,20/Oct/2012:19:06:17+0000,DO-006.mp3,2,30293504,45ACDFC387F6CEAC
24.72.92.73,20/Oct/2012:19:06:19+0000,DO-006.mp3,1036407,30293504,4B8A6C7C70BA54B1
24.72.92.73,20/Oct/2012:19:06:19+0000,DO-006.mp3,95513,30293504,8CE7E3ADC9BC17ED
24.72.92.73,20/Oct/2012:19:06:21+0000,DO-006.mp3,-,30293504,846EA0B01CF2A03A
24.72.92.73,20/Oct/2012:19:06:21+0000,DO-006.mp3,4759055,30293504,521B0D0C8DE608E9
24.72.92.73,20/Oct/2012:19:06:24+0000,DO-006.mp3,2,30293504,87E796BD6B399937
24.72.92.73,20/Oct/2012:19:06:24+0000,DO-006.mp3,2284337,30293504,0A982EB77EFF9A28
24.72.92.73,20/Oct/2012:19:06:25+0000,DO-006.mp3,2567140,30293504,18D92DD4E9AAC2DB
24.72.92.73,20/Oct/2012:19:06:25+0000,DO-006.mp3,30293504,30293504,D5C45656D325C862
24.72.92.73,20/Oct/2012:19:06:27+0000,DO-006.mp3,27881067,30293504,5497240968DF7DD3
24.90.74.217,20/Oct/2012:15:49:50+0000,DO-001.mp3,-,25683092,3D92E092BF19B9C1
24.90.74.217,20/Oct/2012:15:49:50+0000,DO-001.mp3,2,25683092,9B6C3281DAE413CB
24.90.74.217,20/Oct/2012:15:49:50+0000,DO-001.mp3,65160,25683092,152BAB0EDD7AAD05
24.90.74.217,20/Oct/2012:15:49:52+0000,DO-001.mp3,25656497,25683092,BD343C4256B5D398
24.90.74.217,20/Oct/2012:17:49:36+0000,DO-001.mp3,6192291,25683092,A36F3E09C07A5EF7
27.253.112.41,20/Oct/2012:12:46:45+0000,DO-004.mp3,3798603,40318243,E249E82456A521CA
27.253.112.41,20/Oct/2012:12:47:18+0000,DO-001.mp3,3721848,25683092,3071A64D6A5DC020
50.148.155.60,20/Oct/2012:06:48:33+0000,DO-007.mp3,24391117,24391117,F8F2F23E08D3078A
58.179.193.1,20/Oct/2012:10:00:24+0000,DO-002.mp3,2,31047807,AB9EF513F8DE3FA6
58.179.193.1,20/Oct/2012:10:00:25+0000,DO-002.mp3,-,31047807,5A4CC2E28EF19E9C
58.179.193.1,20/Oct/2012:10:00:25+0000,DO-002.mp3,5110844,31047807,53BF6389A56261F0
58.179.193.1,20/Oct/2012:10:00:25+0000,DO-003.mp3,2,45230883,58DAA2247E245E03
58.179.193.1,20/Oct/2012:10:00:25+0000,DO-003.mp3,5065956,45230883,44754D7BE47FC6D5
58.179.193.1,20/Oct/2012:10:00:27+0000,DO-003.mp3,5100908,45230883,633CB09F41062A4F
58.179.193.1,20/Oct/2012:10:00:28+0000,DO-002.mp3,8138023,31047807,F736D0C802265583
58.179.193.1,20/Oct/2012:10:00:28+0000,DO-003.mp3,8133416,45230883,8171C779A47213D3
58.179.193.1,20/Oct/2012:10:00:33+0000,DO-002.mp3,-,31047807,58B1FB2ECFE035A7
58.179.193.1,20/Oct/2012:10:01:04+0000,DO-002.mp3,2,31047807,73EFD17849C9E9B5
58.179.193.1,20/Oct/2012:10:01:05+0000,DO-002.mp3,31047807,31047807,4CD7FEC7817805FC
61.171.42.196,20/Oct/2012:14:11:40+0000,DO-007.mp3,2,24391117,08A6F0501CB3B6FC
61.171.42.196,20/Oct/2012:14:11:41+0000,DO-007.mp3,2168228,24391117,80D83DF70B0E79FA
61.171.42.196,20/Oct/2012:14:11:44+0000,DO-007.mp3,3024414,24391117,C34E99F7CCC40859
61.171.42.196,20/Oct/2012:14:11:47+0000,DO-007.mp3,3543973,24391117,009112B457C7E2D4
66.108.141.204,20/Oct/2012:14:08:54+0000,DO-007.mp3,-,24391117,06CABE8AFFB6461F
66.108.141.204,20/Oct/2012:14:08:54+0000,DO-007.mp3,2,24391117,CB6F345806C50CD7
66.108.141.204,20/Oct/2012:14:08:55+0000,DO-007.mp3,179333,24391117,BF3E11E26C1A3A36
66.108.141.204,20/Oct/2012:14:08:55+0000,DO-007.mp3,63712,24391117,090AFC62609B2BC2
66.108.141.204,20/Oct/2012:14:08:56+0000,DO-007.mp3,863809,24391117,F714660D1EE7A9B4
66.108.141.204,20/Oct/2012:14:08:57+0000,DO-007.mp3,2,24391117,3941FDDB564208E9
66.108.141.204,20/Oct/2012:14:08:58+0000,DO-007.mp3,2086140,24391117,F800A96BA3B35E2C
66.108.141.204,20/Oct/2012:14:08:59+0000,DO-007.mp3,4192431,24391117,A13DC06E4592167D
66.108.141.204,20/Oct/2012:14:08:59+0000,DO-007.mp3,65105,24391117,21D4CA8B17C93549
66.168.26.124,14/Oct/2012:02:24:21+0000,DO-001.mp3,6101083,25683092,0C284E66F84EA75B
66.168.26.124,14/Oct/2012:02:34:49+0000,DO-001.mp3,3798133,25683092,3EA8CC3AD65F20BA
66.168.26.124,14/Oct/2012:02:43:21+0000,DO-001.mp3,48574,25683092,DCAD55DDBBE12E39
66.168.26.124,14/Oct/2012:02:43:22+0000,DO-001.mp3,22398060,25683092,C90B8913791561A6
66.168.26.124,14/Oct/2012:03:52:28+0000,DO-002.mp3,40544,31047807,D87CFEE8DDE7C502
66.168.26.124,14/Oct/2012:03:52:29+0000,DO-002.mp3,7099869,31047807,5B110E862483AADD
66.168.26.124,14/Oct/2012:16:55:25+0000,DO-002.mp3,1,31047807,3DEB06269FA98675
66.168.26.124,14/Oct/2012:16:55:25+0000,DO-002.mp3,23113,31047807,F88670C999C89256
66.168.26.124,14/Oct/2012:16:55:25+0000,DO-002.mp3,3678108,31047807,3F6805ECBD6524F7
66.168.26.124,14/Oct/2012:17:05:00+0000,DO-002.mp3,1,31047807,4D9C4738C162F9DF
66.168.26.124,14/Oct/2012:17:05:00+0000,DO-002.mp3,31856,31047807,1A191AFFAAA05216
66.168.26.124,14/Oct/2012:17:05:00+0000,DO-002.mp3,3735319,31047807,F035BBF73F52386B
66.168.26.124,14/Oct/2012:17:05:04+0000,DO-002.mp3,3854727,31047807,69D3F2485E4EB8F5
66.168.26.124,14/Oct/2012:17:05:13+0000,DO-002.mp3,5957912,31047807,CB11BD1CFA1FE904
66.168.26.124,14/Oct/2012:22:02:32+0000,DO-002.mp3,18852557,31047807,B3447B751F366FF8
66.168.26.124,14/Oct/2012:22:02:44+0000,DO-002.mp3,1,31047807,521BE906392C40E1
66.168.26.124,14/Oct/2012:22:02:44+0000,DO-002.mp3,30408,31047807,2CE6A8F5A084187B
66.168.26.124,14/Oct/2012:22:02:44+0000,DO-002.mp3,3831924,31047807,16D72A11082EB8ED
66.168.26.124,14/Oct/2012:22:03:07+0000,DO-002.mp3,6601752,31047807,D4AD1FB3052A3E71
66.168.26.124,14/Oct/2012:22:09:04+0000,DO-002.mp3,1,31047807,E448EFA948BF8893
66.168.26.124,14/Oct/2012:22:09:04+0000,DO-002.mp3,28960,31047807,C6F9B1EE68E79422
66.168.26.124,14/Oct/2012:22:09:04+0000,DO-002.mp3,3644635,31047807,264C3FBF9274AE29
66.168.26.124,14/Oct/2012:22:09:06+0000,DO-002.mp3,5805990,31047807,2C504BCA50ADA631
66.168.26.124,14/Oct/2012:22:09:09+0000,DO-002.mp3,4860928,31047807,B49C2A815E78DE45
66.168.26.124,14/Oct/2012:22:16:52+0000,DO-002.mp3,-,31047807,5415C3B6884159EA
66.168.26.124,14/Oct/2012:22:16:52+0000,DO-002.mp3,1,31047807,31753705E40DFEBA
66.168.26.124,14/Oct/2012:22:16:52+0000,DO-002.mp3,31856,31047807,A67B39E4CB2953E0
66.168.26.124,14/Oct/2012:22:16:54+0000,DO-002.mp3,5840846,31047807,6795AD7383928379
66.168.26.124,14/Oct/2012:22:16:57+0000,DO-002.mp3,251732,31047807,A8281F1D4926BBCC
66.168.26.124,14/Oct/2012:22:16:58+0000,DO-002.mp3,3824919,31047807,5EF2FC5B820B432A
66.168.26.124,14/Oct/2012:22:19:15+0000,DO-002.mp3,21720,31047807,0F17DB19F72D28DA
66.168.26.124,14/Oct/2012:22:19:15+0000,DO-002.mp3,4757945,31047807,BE4F48BEEC1BCD6D
66.168.26.124,14/Oct/2012:22:25:43+0000,DO-002.mp3,30298,31047807,206D43C761502808
66.168.26.124,14/Oct/2012:22:25:44+0000,DO-002.mp3,6583596,31047807,A5EDAC2B3C19B1A1
66.168.26.124,14/Oct/2012:22:32:12+0000,DO-002.mp3,28960,31047807,03D9415AEC6DBA8C
66.168.26.124,14/Oct/2012:22:32:12+0000,DO-002.mp3,7590911,31047807,CC4F16D2A36593B4
66.168.26.124,14/Oct/2012:22:44:28+0000,DO-003.mp3,39096,45230883,4442514261CF1F7D
66.168.26.124,14/Oct/2012:22:44:29+0000,DO-003.mp3,3283000,45230883,EDB90D9FFA37544A
66.168.26.124,14/Oct/2012:22:44:31+0000,DO-003.mp3,7130260,45230883,7352661A7793155D
66.30.142.142,16/Oct/2012:15:41:20+0000,DO-006.mp3,30293504,30293504,2E00F76B5F1BF90E
66.41.30.224,20/Oct/2012:15:31:44+0000,DO-007.mp3,103489,24391117,E10D37110D270E05
66.41.30.224,20/Oct/2012:15:31:44+0000,DO-007.mp3,2,24391117,C00D7138009C5E47
66.41.30.224,20/Oct/2012:15:31:45+0000,DO-007.mp3,137395,24391117,36919E02FE0FCF10
66.41.30.224,20/Oct/2012:15:31:46+0000,DO-007.mp3,3529493,24391117,FE3C4CD73D1C1BB8
66.41.30.224,20/Oct/2012:15:31:47+0000,DO-007.mp3,128762,24391117,5748D43DC82F044D
66.41.30.224,20/Oct/2012:15:31:48+0000,DO-007.mp3,413798,24391117,1CD52A04C1190770
66.41.30.224,20/Oct/2012:15:31:50+0000,DO-007.mp3,144690,24391117,EFEC69D6E8ED2A40
66.41.30.224,20/Oct/2012:15:31:50+0000,DO-007.mp3,2,24391117,88981A3F61E90C07
66.41.30.224,20/Oct/2012:15:31:51+0000,DO-007.mp3,138843,24391117,19C10C70C3DF604D
66.41.30.224,20/Oct/2012:15:31:52+0000,DO-007.mp3,19060765,24391117,9D173C28001EE65D
66.41.30.224,20/Oct/2012:15:32:06+0000,DO-007.mp3,290773,24391117,B95380CE27C6554F
66.41.30.224,20/Oct/2012:15:32:07+0000,DO-007.mp3,195315,24391117,4F0F6A59758225C3
66.41.30.224,20/Oct/2012:15:32:07+0000,DO-007.mp3,83874,24391117,9DB9EC0BEB974B0A
66.41.30.224,20/Oct/2012:15:32:08+0000,DO-007.mp3,105649,24391117,AF0ABCD812E0FBC5
66.41.30.224,20/Oct/2012:15:32:09+0000,DO-007.mp3,88218,24391117,F6083AFD9D009FE2
66.41.30.224,20/Oct/2012:15:32:10+0000,DO-007.mp3,130210,24391117,D34A373EFA96612C
66.41.30.224,20/Oct/2012:15:32:10+0000,DO-007.mp3,38232,24391117,EDEF172FD858CA36
66.41.30.224,20/Oct/2012:15:32:11+0000,DO-007.mp3,130210,24391117,83BC406C39D0F330
66.41.30.224,20/Oct/2012:15:32:12+0000,DO-007.mp3,147227,24391117,C55AE451A9EF11F4
66.41.30.224,20/Oct/2012:15:32:12+0000,DO-007.mp3,956889,24391117,BF27D92625017031
66.41.30.224,20/Oct/2012:15:32:13+0000,DO-007.mp3,2693958,24391117,4A829CCA3A6AD971
66.41.30.224,20/Oct/2012:15:32:13+0000,DO-007.mp3,34697,24391117,30EC34C48AA31BA7
66.41.30.224,20/Oct/2012:15:32:14+0000,DO-007.mp3,170754,24391117,52D01D1DCFA2056C
66.41.30.224,20/Oct/2012:15:32:15+0000,DO-007.mp3,179332,24391117,8149380CC74C26FF
66.41.30.224,20/Oct/2012:15:32:15+0000,DO-007.mp3,72345,24391117,692BC0696C28A09E
66.41.30.224,20/Oct/2012:15:32:16+0000,DO-007.mp3,134554,24391117,445F171BF9AF5C4E
66.41.30.224,20/Oct/2012:15:32:17+0000,DO-007.mp3,128707,24391117,375EDD439D1247D6
66.41.30.224,20/Oct/2012:15:32:18+0000,DO-007.mp3,941047,24391117,F02E6AF8C8E7C9F4
66.41.30.224,20/Oct/2012:15:32:19+0000,DO-007.mp3,146138,24391117,FCB8C56D67E0207E
66.41.30.224,20/Oct/2012:15:32:19+0000,DO-007.mp3,63657,24391117,F01E65BF03F25EEB
66.41.30.224,20/Oct/2012:15:32:20+0000,DO-007.mp3,39041,24391117,AA96BE4065DAFB9B
66.41.30.224,20/Oct/2012:15:32:21+0000,DO-007.mp3,128762,24391117,0C540D99C4BC9E5B
66.41.30.224,20/Oct/2012:15:32:22+0000,DO-007.mp3,104201,24391117,2220E7A5DE4D126E
66.41.30.224,20/Oct/2012:15:32:22+0000,DO-007.mp3,114337,24391117,2807007741DB7417
66.41.30.224,20/Oct/2012:15:32:23+0000,DO-007.mp3,118571,24391117,08ABA46D9A805DC9
66.41.30.224,20/Oct/2012:15:32:24+0000,DO-007.mp3,105649,24391117,8F1929699772AEAE
66.41.30.224,20/Oct/2012:15:32:24+0000,DO-007.mp3,170699,24391117,158EBE6539CE9509
66.41.30.224,20/Oct/2012:15:32:25+0000,DO-007.mp3,130210,24391117,476AE810BF33D74F
66.41.30.224,20/Oct/2012:15:32:26+0000,DO-007.mp3,46281,24391117,1800066D52615DFF
66.41.30.224,20/Oct/2012:15:32:27+0000,DO-007.mp3,156165,24391117,72B8B2AD67475048
66.41.30.224,20/Oct/2012:15:32:27+0000,DO-007.mp3,167750,24391117,C112B0AE1DDB6858
66.41.30.224,20/Oct/2012:15:32:28+0000,DO-007.mp3,105649,24391117,74B46DCC9B5A11AC
66.41.30.224,20/Oct/2012:15:32:29+0000,DO-007.mp3,106384,24391117,777F3A5F93BA9521
66.41.30.224,20/Oct/2012:15:32:29+0000,DO-007.mp3,121467,24391117,6A624440F0AB6E02
66.41.30.224,20/Oct/2012:15:32:30+0000,DO-007.mp3,143242,24391117,2C082D438BED5A71
66.41.30.224,20/Oct/2012:15:32:31+0000,DO-007.mp3,117178,24391117,40E1FD7DB2B7A5ED
66.41.30.224,20/Oct/2012:15:32:32+0000,DO-007.mp3,121522,24391117,0B7A3A0E144D1CFB
66.41.30.224,20/Oct/2012:15:32:32+0000,DO-007.mp3,57261,24391117,8BBD86DDC65292B4
66.41.30.224,20/Oct/2012:15:32:33+0000,DO-007.mp3,105649,24391117,A111EBC39172BABA
66.41.30.224,20/Oct/2012:15:32:33+0000,DO-007.mp3,106492,24391117,CF6A9F52D10F6686
66.41.30.224,20/Oct/2012:15:32:34+0000,DO-007.mp3,163459,24391117,39CD9208CC313ECA
66.41.30.224,20/Oct/2012:15:32:35+0000,DO-007.mp3,86825,24391117,C7856C9D69E203EA
66.41.30.224,20/Oct/2012:15:32:36+0000,DO-007.mp3,219876,24391117,482E57AFF3669E66
66.41.30.224,20/Oct/2012:15:32:37+0000,DO-007.mp3,101250,24391117,BD820EA07046A939
66.41.30.224,20/Oct/2012:15:32:37+0000,DO-007.mp3,130210,24391117,4480FBD0F2C03BBE
66.41.30.224,20/Oct/2012:15:32:38+0000,DO-007.mp3,153323,24391117,CE99C5A23D4C869A
66.41.30.224,20/Oct/2012:15:32:39+0000,DO-007.mp3,136002,24391117,22E2D0A9C88EB183
66.41.30.224,20/Oct/2012:15:32:39+0000,DO-007.mp3,86770,24391117,E802B40B0EA39DBB
66.41.30.224,20/Oct/2012:15:32:40+0000,DO-007.mp3,121577,24391117,DDCFE73B444053FE
66.41.30.224,20/Oct/2012:15:32:41+0000,DO-007.mp3,138843,24391117,1D96D68C6A7245BB
66.41.30.224,20/Oct/2012:15:32:42+0000,DO-007.mp3,63657,24391117,C49969E13AAB5623
66.41.30.224,20/Oct/2012:15:32:42+0000,DO-007.mp3,98409,24391117,8AB151FAD23F5BC9
66.41.30.224,20/Oct/2012:15:32:43+0000,DO-007.mp3,130210,24391117,7730C9F342F80F2E
66.41.30.224,20/Oct/2012:15:32:43+0000,DO-007.mp3,130210,24391117,E3DC5B817B9B7DF8
66.41.30.224,20/Oct/2012:15:32:44+0000,DO-007.mp3,117178,24391117,29B4600B494B66E1
66.41.30.224,20/Oct/2012:15:32:45+0000,DO-007.mp3,114282,24391117,9E885AA332B3D336
66.41.30.224,20/Oct/2012:15:32:46+0000,DO-007.mp3,150482,24391117,98335B3706149C24
66.41.30.224,20/Oct/2012:15:32:46+0000,DO-007.mp3,151930,24391117,8B35167E06BBE005
66.41.30.224,20/Oct/2012:15:32:47+0000,DO-007.mp3,137450,24391117,2C3D6B31379FF23D
66.41.30.224,20/Oct/2012:15:32:48+0000,DO-007.mp3,130155,24391117,578A77F720853FC6
66.41.30.224,20/Oct/2012:15:32:49+0000,DO-007.mp3,105594,24391117,68AFF364D018D96F
66.41.30.224,20/Oct/2012:15:32:49+0000,DO-007.mp3,154826,24391117,0E804ED9322AE986
66.41.30.224,20/Oct/2012:15:32:50+0000,DO-007.mp3,136002,24391117,A1E62270ED49F661
66.41.30.224,20/Oct/2012:15:32:51+0000,DO-007.mp3,104091,24391117,151E4EBB3B4CACA6
66.41.30.224,20/Oct/2012:15:32:51+0000,DO-007.mp3,112834,24391117,5D3B2E10E7C04630
66.41.30.224,20/Oct/2012:15:32:52+0000,DO-007.mp3,151930,24391117,BA5C50E84D1939FE
66.41.30.224,20/Oct/2012:15:32:53+0000,DO-007.mp3,162066,24391117,DCB020903101449D
66.41.30.224,20/Oct/2012:15:32:54+0000,DO-007.mp3,89721,24391117,0AB225D86307D76E
66.41.30.224,20/Oct/2012:15:32:55+0000,DO-007.mp3,133106,24391117,8834628FF0C7AD82
66.41.30.224,20/Oct/2012:15:32:55+0000,DO-007.mp3,251677,24391117,465215E394938703
66.41.30.224,20/Oct/2012:15:32:56+0000,DO-007.mp3,118626,24391117,DAEEF07BCC1EFAF1
66.41.30.224,20/Oct/2012:15:32:57+0000,DO-007.mp3,146083,24391117,12F0B4C4C4068941
66.41.30.224,20/Oct/2012:15:32:58+0000,DO-007.mp3,138843,24391117,BFCE8E8CBDF37EC3
66.51.234.91,19/Oct/2012:14:09:54+0000,TWHC-008.mp3,4732181,46977263,E5A8454FB5C6DC31
66.51.234.91,19/Oct/2012:14:15:19+0000,TWHC-008.mp3,5420320,46977263,6B03BE6B2DBDA1C3
66.51.234.91,19/Oct/2012:14:15:25+0000,TWHC-008.mp3,18573072,46977263,ABB83B3CCDCB512D
68.173.146.159,16/Oct/2012:02:12:18+0000,DO-006.mp3,7634829,30293504,6A2609E28548C07C
68.173.146.159,16/Oct/2012:02:13:43+0000,DO-006.mp3,739088,30293504,01F073074530CCB8
68.173.146.159,16/Oct/2012:02:30:15+0000,DO-005.mp3,23449999,23449999,9585AAE778EB511C
68.173.146.159,16/Oct/2012:02:30:15+0000,DO-006.mp3,30293504,30293504,3BC93C554DD9D849
68.173.146.159,16/Oct/2012:02:30:16+0000,DO-004.mp3,40318243,40318243,B2CBA149493F95E8
68.173.146.159,16/Oct/2012:02:32:07+0000,DO-003.mp3,45230883,45230883,F789F6BEC0BE4A2E
68.173.146.159,16/Oct/2012:02:32:37+0000,DO-002.mp3,31047807,31047807,76A66BE59F650F69
68.173.146.159,16/Oct/2012:02:32:48+0000,DO-001.mp3,25683092,25683092,AFC1D65647A546EC
69.81.182.192,14/Oct/2012:21:11:30+0000,DO-006.mp3,4595266,30293504,29F4A15FC7FF1EA7
69.81.182.192,14/Oct/2012:21:11:34+0000,DO-006.mp3,40544,30293504,3A3AA3C9256854F7
69.81.182.192,14/Oct/2012:21:11:35+0000,DO-006.mp3,6266686,30293504,3114B8A379961E16
69.81.182.192,14/Oct/2012:21:17:45+0000,DO-006.mp3,189578,30293504,7D91D07BF816780E
69.81.182.192,14/Oct/2012:21:17:46+0000,DO-006.mp3,43440,30293504,9B4CDDC551732F82
69.81.182.192,14/Oct/2012:21:17:47+0000,DO-006.mp3,3692985,30293504,B1927B89AE1E0D80
69.81.182.192,14/Oct/2012:21:17:50+0000,DO-006.mp3,3684557,30293504,D4E9D256B8C5A2EC
69.81.182.192,14/Oct/2012:21:23:57+0000,DO-006.mp3,121577,30293504,B83D706C0CA2AA2F
69.81.182.192,14/Oct/2012:21:23:58+0000,DO-006.mp3,40544,30293504,A83463906BD0BFA1
69.81.182.192,14/Oct/2012:21:23:59+0000,DO-006.mp3,900013,30293504,2497BB68880341BF
69.81.182.192,14/Oct/2012:21:24:01+0000,DO-006.mp3,3684942,30293504,313970F6D39191CD
69.81.182.192,14/Oct/2012:21:24:05+0000,DO-006.mp3,3682521,30293504,EBF58EFB29F89801
69.81.182.192,14/Oct/2012:21:40:30+0000,DO-006.mp3,30293504,30293504,5FA674FF425190F1
71.195.58.141,16/Oct/2012:18:21:18+0000,TWHC-008.mp3,46977263,46977263,CCA79C74D7D361C0
71.204.174.119,15/Oct/2012:06:16:06+0000,DO-006.mp3,30293504,30293504,B06690D2659408F1
71.204.174.119,15/Oct/2012:06:16:06+0000,TWHC-008.mp3,46977263,46977263,018F4FF7A8936533
72.33.224.171,15/Oct/2012:19:25:01+0000,DO-003.mp3,47784,45230883,5307F2BD54B70011
72.33.224.171,15/Oct/2012:19:25:02+0000,DO-003.mp3,155,45230883,0A2509EDB1508574
72.33.224.171,15/Oct/2012:19:25:02+0000,DO-003.mp3,17376,45230883,F5A55D3E0FAC0B74
72.33.224.171,15/Oct/2012:19:25:03+0000,DO-003.mp3,3753704,45230883,6817CD3B452C3F81
72.33.224.171,15/Oct/2012:19:32:00+0000,DO-003.mp3,1,45230883,3A5A53F68ED2275F
72.33.224.171,15/Oct/2012:19:32:00+0000,DO-003.mp3,27457,45230883,84F0507EEE9BF986
72.33.224.171,15/Oct/2012:19:32:00+0000,DO-003.mp3,31856,45230883,620AC65A850F334F
72.33.224.171,15/Oct/2012:19:32:01+0000,DO-003.mp3,155,45230883,F841EFD598456603
72.33.224.171,15/Oct/2012:19:32:01+0000,DO-003.mp3,3816247,45230883,E07839295F22468D
72.33.224.171,15/Oct/2012:19:32:15+0000,DO-003.mp3,45230883,45230883,72DAD60B8FC610FB
74.226.69.155,15/Oct/2012:05:13:46+0000,DO-006.mp3,30293504,30293504,0C950CB0289E10F6
75.134.154.158,19/Oct/2012:04:12:25+0000,DO-006.mp3,30293504,30293504,19C22C0A68B386FD
76.187.113.41,20/Oct/2012:18:59:28+0000,DO-007.mp3,2,24391117,A9B1EECE35A532F7
76.187.113.41,20/Oct/2012:18:59:29+0000,DO-007.mp3,3554177,24391117,D6BEC617BA2A6798
76.187.113.41,20/Oct/2012:18:59:29+0000,DO-007.mp3,63603,24391117,8A4581E521DDAA5F
76.187.113.41,20/Oct/2012:18:59:30+0000,DO-007.mp3,3734024,24391117,3851D8E67D4766E1
76.187.113.41,20/Oct/2012:18:59:31+0000,DO-007.mp3,3948389,24391117,930F8BF0363C6455
76.187.113.41,20/Oct/2012:18:59:33+0000,DO-007.mp3,2,24391117,F53D68202D23681A
76.187.113.41,20/Oct/2012:18:59:33+0000,DO-007.mp3,56472,24391117,4403BF9C63CA5FAD
76.187.113.41,20/Oct/2012:18:59:34+0000,DO-007.mp3,3790497,24391117,0A913D7117FA5438
76.187.113.41,20/Oct/2012:18:59:34+0000,DO-007.mp3,63657,24391117,E082CC0419FA26FD
76.187.113.41,20/Oct/2012:18:59:35+0000,DO-007.mp3,3832453,24391117,9B3499D3356A56F2
76.187.113.41,20/Oct/2012:18:59:36+0000,DO-007.mp3,3540207,24391117,89C21BC2DA19C04F
76.187.113.41,20/Oct/2012:18:59:37+0000,DO-007.mp3,3584782,24391117,80D6782C64B4D327
76.187.113.41,20/Oct/2012:18:59:38+0000,DO-007.mp3,15539735,24391117,A5F80D58B029E68A
76.255.138.39,14/Oct/2012:16:47:10+0000,TWHC-008.mp3,46977263,46977263,8F87B616A2CB6150
83.92.93.29,20/Oct/2012:15:12:28+0000,DO-005.mp3,2,23449999,75B7996954763F11
83.92.93.29,20/Oct/2012:15:12:28+0000,DO-005.mp3,358829,23449999,B7AC69F94E8DC6ED
83.92.93.29,20/Oct/2012:15:12:29+0000,DO-005.mp3,6306421,23449999,064ACD8922CCFCCA
96.125.21.102,15/Oct/2012:20:29:55+0000,DO-006.mp3,8044814,30293504,FE9AE9D246F6E28A
96.125.21.102,15/Oct/2012:20:32:23+0000,DO-006.mp3,7731682,30293504,028C529952836093
96.125.21.102,15/Oct/2012:20:38:15+0000,DO-006.mp3,5709786,30293504,BBD6B7CC84CECD1B
96.125.21.102,15/Oct/2012:20:38:35+0000,DO-006.mp3,3897727,30293504,BBF85298F1BDD45D
96.125.21.102,15/Oct/2012:20:41:28+0000,DO-006.mp3,6713248,30293504,FF20E286F1087C2E
96.125.21.102,15/Oct/2012:20:41:32+0000,DO-006.mp3,4144112,30293504,50BEE2FA910780B3
96.125.21.102,15/Oct/2012:20:41:53+0000,DO-006.mp3,4141708,30293504,219FF4CFA5194550
96.125.21.102,15/Oct/2012:20:42:09+0000,DO-006.mp3,4142104,30293504,1461A75AAF05E04C
96.125.21.102,15/Oct/2012:20:42:24+0000,DO-006.mp3,6469432,30293504,4FC1DB7E9013C5D5
96.125.21.102,15/Oct/2012:20:42:27+0000,DO-006.mp3,4143633,30293504,D0DA52E7D9904B43
96.125.21.102,15/Oct/2012:20:42:32+0000,DO-006.mp3,4094718,30293504,7EC87EBC0806E62D
96.125.21.102,15/Oct/2012:20:42:34+0000,DO-006.mp3,6144251,30293504,04AB20D4BACD1D8D
96.125.21.102,15/Oct/2012:20:48:14+0000,DO-002.mp3,2252182,31047807,128585FEBBF85A01
96.125.21.102,15/Oct/2012:20:48:16+0000,DO-002.mp3,4143694,31047807,F0F02E8B0F5573E9
96.125.21.102,15/Oct/2012:20:48:29+0000,DO-002.mp3,4092714,31047807,7621E0F9F2927070
97.112.48.229,20/Oct/2012:20:18:57+0000,DO-007.mp3,24391117,24391117,BDC1D3196226B38A
97.112.57.208,15/Oct/2012:03:33:47+0000,DO-006.mp3,30293504,30293504,E69511FE747ED012
97.112.57.208,15/Oct/2012:03:33:47+0000,TWHC-008.mp3,46977263,46977263,AD18D584A7FFF98D
97.88.17.216,15/Oct/2012:22:51:51+0000,DO-005.mp3,2,23449999,BFC54192D4340BEC
97.88.17.216,15/Oct/2012:22:51:51+0000,DO-005.mp3,5125824,23449999,F3AA230591D18635
97.88.17.216,15/Oct/2012:22:51:59+0000,DO-005.mp3,-,23449999,C7F610177CD0A70A
97.88.17.216,15/Oct/2012:22:51:59+0000,DO-005.mp3,23449999,23449999,9DDDFDF5776C736C
97.88.17.216,16/Oct/2012:00:14:35+0000,DO-005.mp3,2,23449999,C6D9117D5953B384
97.88.17.216,16/Oct/2012:00:14:35+0000,DO-005.mp3,5107948,23449999,2BE9FABF29A58410
97.88.17.216,16/Oct/2012:00:14:36+0000,DO-005.mp3,7145633,23449999,7B2DFFA052643275
97.88.17.216,16/Oct/2012:00:17:06+0000,DO-005.mp3,-,23449999,A31BB287F5BD66EA
97.88.17.216,16/Oct/2012:00:17:06+0000,DO-005.mp3,17333271,23449999,47B0214B0B240E49
97.88.17.216,16/Oct/2012:00:19:37+0000,DO-005.mp3,-,23449999,C92187F2EED4A360
97.88.17.216,16/Oct/2012:00:19:37+0000,DO-005.mp3,8081077,23449999,CD435581CF0EA17A
97.88.20.97,19/Oct/2012:11:32:02+0000,DO-005.mp3,167858,23449999,5E24306BDE249AFF
97.88.20.97,19/Oct/2012:11:32:02+0000,DO-005.mp3,2,23449999,757EAC8DA5D510F5
97.88.20.97,19/Oct/2012:11:32:03+0000,DO-005.mp3,247443,23449999,F96AD3E5D82A0F18
97.88.20.97,19/Oct/2012:11:32:04+0000,DO-005.mp3,5856249,23449999,BDB9C06087B6C5AB
97.88.20.97,19/Oct/2012:11:32:08+0000,DO-005.mp3,2,23449999,A41B1E3FCA71BFD0
97.88.20.97,19/Oct/2012:11:32:08+0000,DO-005.mp3,5538144,23449999,9034FE6EA3349E27
97.88.20.97,19/Oct/2012:11:33:06+0000,DO-006.mp3,30293504,30293504,B7446D4DC2A292C2
99.88.120.154,18/Oct/2012:03:11:44+0000,favicon.ico,231,-,2D8908621BA7AD8B
99.88.120.154,18/Oct/2012:03:11:44+0000,stats/,231,-,D9FD4F8FA8DAFAAB
99.88.120.154,18/Oct/2012:07:22:36+0000,DO-006.mp3,2,30293504,BB7B0CF12A54F24C
99.88.120.154,18/Oct/2012:07:22:36+0000,DO-006.mp3,30293504,30293504,81B2C3B9294E9E03
